Horse,Date
E055,2010.0
K328,2010.0
E244,2010.0
L286,2010.0
H261,2010.0
G188,2010.0
H040,2010.0
L175,2010.0
L270,2010.0
J055,2010.0
H312,2010.0
L065,2010.0
L165,2010.0
L067,2010.0
L060,2010.0
L167,2010.0
H118,2010.0
L153,2010.0
L282,2010.0
L312,2010.0
E332,2010.0
L247,2010.0
L261,2010.0
L252,2010.0
J296,2010.0
L314,2010.0
L185,2010.0
L071,2010.0
K030,2010.0
L364,2010.0
L115,2010.0
C368,2010.0
L136,2010.0
H130,2010.0
J160,2010.0
L196,2010.0
J051,2010.0
E095,2010.0
L335,2010.0
L150,2010.0
L110,2010.0
J297,2010.0
L304,2010.0
K164,2010.0
L285,2010.0
L321,2010.0
L186,2010.0
L047,2010.0
G234,2010.0
L139,2010.0
L230,2010.0
J061,2010.0
H071,2010.0
L007,2010.0
E126,2010.0
H076,2010.0
L302,2010.0
L177,2010.0
H204,2010.0
J113,2010.0
J342,2010.0
L034,2010.0
J204,2010.0
G118,2010.0
J190,2010.0
G212,2010.0
H082,2010.0
L171,2010.0
K023,2010.0
G287,2010.0
J140,2010.0
G183,2010.0
L142,2010.0
L080,2010.0
L018,2010.0
L301,2010.0
L070,2010.0
D019,2010.0
G320,2010.0
K123,2010.0
L049,2010.0
H126,2010.0
E100,2010.0
J310,2010.0
L327,2010.0
L098,2010.0
J262,2010.0
H222,2010.0
J302,2010.0
H150,2010.0
H286,2010.0
J011,2010.0
L149,2010.0
J199,2010.0
H272,2010.0
L228,2010.0
L189,2010.0
J307,2010.0
L001,2010.0
H318,2010.0
H193,2010.0
L087,2010.0
L240,2010.0
G313,2010.0
H288,2010.0
L283,2010.0
L042,2010.0
L059,2010.0
G261,2010.0
L064,2010.0
L271,2010.0
L276,2010.0
L363,2010.0
L161,2010.0
L275,2010.0
L192,2010.0
L212,2010.0
E050,2010.0
L258,2010.0
L021,2010.0
L278,2010.0
L293,2010.0
L123,2010.0
L079,2010.0
H282,2010.0
G274,2010.0
K309,2010.0
L056,2010.0
L174,2010.0
L382,2010.0
H183,2010.0
L138,2010.0
L260,2010.0
L299,2010.0
L221,2010.0
L369,2010.0
H316,2010.0
J048,2010.0
H331,2010.0
J257,2010.0
L211,2010.0
L054,2010.0
H043,2010.0
L188,2010.0
K036,2010.0
L097,2010.0
D130,2010.0
D213,2010.0
L029,2010.0
J353,2010.0
L137,2010.0
G040,2010.0
L113,2010.0
L209,2010.0
G060,2010.0
L041,2010.0
G159,2010.0
L268,2010.0
L112,2010.0
J177,2010.0
H017,2010.0
J069,2010.0
H274,2010.0
E167,2010.0
J172,2010.0
K078,2010.0
J168,2010.0
K210,2010.0
K102,2010.0
L182,2010.0
J045,2010.0
J070,2010.0
L172,2010.0
J017,2010.0
L332,2010.0
G275,2010.0
D274,2010.0
H029,2010.0
E293,2010.0
H015,2010.0
L036,2010.0
H258,2010.0
H221,2010.0
J106,2010.0
L229,2010.0
G285,2010.0
H281,2010.0
G260,2010.0
L093,2010.0
H259,2010.0
L250,2010.0
L069,2010.0
J151,2010.0
G179,2010.0
H285,2010.0
L016,2010.0
L125,2010.0
L026,2010.0
J073,2010.0
J109,2010.0
L077,2010.0
L277,2010.0
H195,2010.0
H214,2010.0
L251,2010.0
L176,2010.0
J202,2010.0
L141,2010.0
L287,2010.0
L009,2010.0
L325,2010.0
J147,2010.0
L085,2010.0
L307,2010.0
E045,2010.0
H299,2010.0
L101,2010.0
L371,2010.0
L023,2010.0
L401,2010.0
L046,2010.0
L155,2010.0
E270,2010.0
L236,2010.0
L289,2010.0
G018,2010.0
L168,2010.0
L306,2010.0
J240,2010.0
L280,2010.0
L019,2010.0
E275,2010.0
H026,2010.0
L014,2010.0
G254,2010.0
D330,2010.0
L008,2010.0
L296,2010.0
G146,2010.0
L013,2010.0
L297,2010.0
J100,2010.0
L020,2010.0
L121,2010.0
H019,2010.0
L084,2010.0
G068,2010.0
L037,2010.0
L081,2010.0
J248,2010.0
E333,2010.0
L274,2010.0
H036,2010.0
H105,2010.0
H138,2010.0
G308,2010.0
H052,2010.0
H220,2010.0
L151,2010.0
L163,2010.0
L025,2010.0
L195,2010.0
J074,2010.0
J226,2010.0
L259,2010.0
J145,2010.0
L092,2010.0
G108,2010.0
E201,2010.0
L187,2010.0
G169,2010.0
E334,2010.0
L099,2010.0
J282,2010.0
H049,2010.0
H226,2010.0
L173,2010.0
K191,2010.0
L095,2010.0
L103,2010.0
G233,2010.0
L239,2010.0
L027,2010.0
H182,2010.0
J281,2010.0
L243,2010.0
J175,2010.0
L063,2010.0
K001,2010.0
L208,2010.0
L076,2010.0
L334,2010.0
L281,2010.0
L368,2010.0
L217,2010.0
L316,2010.0
L131,2010.0
G198,2010.0
L266,2010.0
L133,2010.0
H163,2010.0
L035,2010.0
L204,2010.0
K019,2010.0
H280,2010.0
L157,2010.0
L048,2010.0
H050,2010.0
H145,2010.0
E070,2010.0
D199,2010.0
K242,2010.0
L225,2010.0
L202,2010.0
L158,2010.0
L379,2010.0
L191,2010.0
H210,2010.0
G202,2010.0
J059,2010.0
E223,2010.0
G300,2010.0
J014,2010.0
L206,2010.0
L320,2010.0
J036,2010.0
J192,2010.0
L074,2010.0
L181,2010.0
J001,2010.0
H284,2010.0
L220,2010.0
H048,2010.0
L255,2010.0
L114,2010.0
H136,2010.0
J212,2010.0
G008,2010.0
L130,2010.0
J289,2010.0
H112,2010.0
H239,2010.0
J196,2010.0
D250,2010.0
H211,2010.0
L317,2010.0
H025,2010.0
G147,2010.0
L216,2010.0
E172,2010.0
L032,2010.0
L329,2010.0
L190,2010.0
L132,2010.0
L004,2010.0
L044,2010.0
L400,2010.0
L134,2010.0
L118,2010.0
J327,2010.0
K065,2010.0
L183,2010.0
L028,2010.0
G134,2010.0
G143,2010.0
L091,2010.0
G163,2010.0
L354,2010.0
L291,2010.0
L024,2010.0
L292,2010.0
L043,2010.0
E183,2010.0
H243,2010.0
G077,2010.0
H021,2010.0
L288,2010.0
E200,2010.0
C208,2010.0
L170,2010.0
L244,2010.0
J284,2010.0
L232,2010.0
L222,2010.0
L078,2010.0
L198,2010.0
L152,2010.0
L002,2010.0
L012,2010.0
E021,2010.0
L269,2010.0
H143,2010.0
G178,2010.0
L235,2010.0
L199,2010.0
L234,2010.0
L108,2010.0
L184,2010.0
L178,2010.0
H083,2010.0
L262,2010.0
L096,2010.0
J107,2010.0
J018,2010.0
L213,2010.0
H097,2010.0
L006,2010.0
H205,2010.0
G219,2010.0
L328,2010.0
K077,2010.0
E002,2010.0
H236,2010.0
E300,2010.0
J031,2010.0
C298,2010.0
L109,2010.0
L179,2010.0
L088,2010.0
L162,2010.0
E008,2010.0
C015,2010.0
L010,2010.0
L083,2010.0
L272,2010.0
H240,2010.0
J178,2010.0
L102,2010.0
L205,2010.0
D009,2010.0
H102,2010.0
G165,2010.0
G127,2010.0
E220,2010.0
G226,2010.0
L147,2010.0
G137,2010.0
L126,2010.0
D301,2010.0
B300,2010.0
C223,2010.0
J126,2010.0
C230,2010.0
G020,2010.0
G220,2010.0
G120,2010.0
G194,2010.0
G247,2010.0
L227,2010.0
L273,2010.0
L253,2010.0
L207,2010.0
L040,2010.0
J167,2010.0
L005,2010.0
J293,2010.0
J242,2010.0
L135,2010.0
L104,2010.0
L224,2010.0
L284,2010.0
H198,2010.0
D226,2010.0
L045,2010.0
L039,2010.0
L090,2010.0
L200,2010.0
L094,2010.0
J154,2010.0
E049,2010.0
L210,2010.0
L300,2010.0
L146,2010.0
G295,2010.0
E147,2010.0
L315,2010.0
L214,2010.0
L100,2010.0
J292,2010.0
K274,2010.0
G246,2010.0
L030,2010.0
L298,2010.0
J034,2010.0
L075,2010.0
D136,2010.0
G318,2010.0
L022,2010.0
K338,2010.0
L303,2010.0
E268,2010.0
G281,2010.0
D208,2010.0
L061,2010.0
L107,2010.0
L319,2010.0
L089,2010.0
L122,2010.0
L381,2010.0
M114,2010.0
L311,2010.0
M020,2010.0
L343,2010.0
L322,2010.0
L308,2010.0
L333,2010.0
L380,2010.0
M017,2010.0
M031,2010.0
M026,2010.0
M034,2010.0
L358,2010.0
L242,2010.0
L378,2010.0
G029,2010.0
L203,2010.0
L310,2010.0
L127,2010.0
L318,2010.0
L140,2010.0
M056,2010.0
L241,2010.0
M013,2010.0
L416,2010.0
L397,2010.0
L263,2010.0
M107,2010.0
L148,2010.0
M043,2010.0
M101,2010.0
L412,2010.0
L393,2010.0
L403,2010.0
M025,2010.0
L366,2010.0
M040,2010.0
L338,2010.0
L305,2010.0
L423,2010.0
L385,2010.0
L424,2010.0
L398,2010.0
L410,2010.0
L330,2010.0
L254,2010.0
L414,2010.0
L384,2010.0
L408,2010.0
L383,2010.0
L267,2010.0
L421,2010.0
L326,2010.0
L415,2010.0
L411,2010.0
G096,2010.0
L154,2010.0
J049,2010.0
L051,2010.0
L003,2010.0
L323,2010.0
L256,2010.0
M601,2010.0
H187,2010.0
L386,2010.0
L389,2010.0
L372,2010.0
L129,2010.0
L257,2010.0
L111,2010.0
L413,2010.0
L215,2010.0
L392,2010.0
L362,2010.0
G309,2010.0
L365,2010.0
H190,2010.0
M035,2010.0
L405,2010.0
M028,2010.0
L264,2010.0
L341,2010.0
L417,2010.0
L337,2010.0
L219,2010.0
L348,2010.0
M055,2010.0
M068,2010.0
L201,2010.0
M137,2010.0
M004,2010.0
L352,2010.0
L324,2010.0
L370,2010.0
M060,2010.0
M003,2010.0
L426,2010.0
M007,2010.0
L425,2010.0
M121,2010.0
M058,2010.0
M077,2010.0
M022,2010.0
M001,2010.0
M024,2010.0
L309,2010.0
L420,2010.0
L422,2010.0
L391,2010.0
M100,2010.0
L082,2010.0
M144,2010.0
M146,2010.0
L431,2010.0
M038,2010.0
M029,2010.0
M039,2010.0
M611,2010.0
M613,2010.0
M609,2010.0
M612,2010.0
M608,2010.0
M610,2010.0
M607,2010.0
H245,2010.0
H014,2010.0
G311,2010.0
M619,2010.0
L614,2010.0
M125,2010.0
L407,2010.0
M616,2010.0
L623,2010.0
M617,2010.0
M618,2010.0
M615,2010.0
M614,2010.0
M605,2010.0
M065,2010.0
L180,2010.0
L418,2010.0
L373,2010.0
L387,2010.0
M606,2010.0
M602,2010.0
K624,2010.0
M620,2010.0
M623,2010.0
M625,2010.0
M622,2010.0
M626,2010.0
M628,2010.0
M603,2010.0
M624,2010.0
M621,2010.0
M097,2010.0
L166,2010.0
L346,2010.0
M112,2010.0
M021,2010.0
L279,2010.0
L351,2010.0
M054,2010.0
M089,2010.0
L313,2010.0
L249,2010.0
L357,2010.0
L116,2010.0
L406,2010.0
L399,2010.0
L160,2010.0
M048,2010.0
L106,2010.0
L404,2010.0
L396,2010.0
L145,2010.0
M018,2010.0
L430,2010.0
L169,2010.0
L248,2010.0
M052,2010.0
H001,2010.0
L361,2010.0
E052,2010.0
G033,2010.0
D118,2010.0
L011,2010.0
K185,2010.0
G010,2010.0
L245,2010.0
E250,2010.0
J283,2010.0
L031,2010.0
J064,2010.0
H007,2010.0
K133,2010.0
H305,2010.0
D317,2010.0
L086,2010.0
C340,2010.0
H327,2010.0
J052,2010.0
E159,2010.0
H313,2010.0
H231,2010.0
L193,2010.0
G298,2010.0
D246,2010.0
J125,2010.0
D377,2010.0
L105,2010.0
J220,2010.0
H232,2010.0
G297,2010.0
H314,2010.0
H004,2010.0
E254,2010.0
H058,2010.0
E246,2010.0
E238,2010.0
E169,2010.0
G243,2010.0
H194,2010.0
J286,2010.0
G024,2010.0
L143,2010.0
L017,2010.0
E139,2010.0
J318,2010.0
L119,2010.0
J035,2010.0
D238,2010.0
G317,2010.0
G270,2010.0
J032,2010.0
J077,2010.0
H042,2010.0
G276,2010.0
C238,2010.0
D021,2010.0
E170,2010.0
L626,2010.0
L629,2010.0
L628,2010.0
K636,2010.0
L625,2010.0
L627,2010.0
L050,2010.0
C099,2010.0
J081,2010.0
L066,2010.0
J347,2010.0
G056,2010.0
L218,2010.0
D234,2010.0
G177,2010.0
E124,2010.0
D096,2010.0
J072,2010.0
D388,2010.0
G293,2010.0
H030,2010.0
H131,2010.0
J044,2010.0
D080,2010.0
E325,2010.0
G244,2010.0
G241,2010.0
H191,2010.0
K063,2010.0
H238,2010.0
L055,2010.0
G232,2010.0
J012,2010.0
L120,2010.0
C299,2010.0
G104,2010.0
D165,2010.0
B326,2010.0
J006,2010.0
H099,2010.0
G279,2010.0
K034,2010.0
L073,2010.0
C089,2010.0
G006,2010.0
J088,2010.0
L052,2010.0
J235,2010.0
L015,2010.0
G269,2010.0
,2010.0
L156,2010.0
G294,2010.0
G086,2010.0
H328,2010.0
K641,2010.0
K642,2010.0
L633,2010.0
L634,2010.0
K638,2010.0
M226,2011.0
M066,2011.0
M368,2011.0
M199,2011.0
M215,2011.0
L342,2011.0
L033,2011.0
M175,2011.0
L390,2011.0
M265,2011.0
M304,2011.0
M245,2011.0
M280,2011.0
M209,2011.0
M306,2011.0
M229,2011.0
M115,2011.0
M328,2011.0
L434,2011.0
M276,2011.0
M232,2011.0
M189,2011.0
M193,2011.0
M250,2011.0
M170,2011.0
M316,2011.0
L290,2011.0
L349,2011.0
L339,2011.0
M133,2011.0
M326,2011.0
M167,2011.0
L376,2011.0
M325,2011.0
M255,2011.0
L355,2011.0
M300,2011.0
M205,2011.0
M243,2011.0
M129,2011.0
M009,2011.0
M071,2011.0
M131,2011.0
M347,2011.0
M192,2011.0
M102,2011.0
M222,2011.0
M231,2011.0
M299,2011.0
M338,2011.0
M012,2011.0
M195,2011.0
M387,2011.0
M174,2011.0
L375,2011.0
L377,2011.0
L295,2011.0
M086,2011.0
M079,2011.0
M330,2011.0
M197,2011.0
M008,2011.0
M041,2011.0
M005,2011.0
L433,2011.0
M301,2011.0
M126,2011.0
M281,2011.0
M311,2011.0
M244,2011.0
M262,2011.0
M341,2011.0
M242,2011.0
M151,2011.0
M064,2011.0
M105,2011.0
M305,2011.0
M042,2011.0
L347,2011.0
M016,2011.0
M061,2011.0
M335,2011.0
M185,2011.0
M090,2011.0
M127,2011.0
M081,2011.0
L435,2011.0
M067,2011.0
M051,2011.0
M257,2011.0
M284,2011.0
M293,2011.0
M266,2011.0
M119,2011.0
M249,2011.0
M298,2011.0
M288,2011.0
M332,2011.0
M098,2011.0
M148,2011.0
M178,2011.0
M234,2011.0
M289,2011.0
M214,2011.0
M124,2011.0
M062,2011.0
M292,2011.0
M267,2011.0
M083,2011.0
M256,2011.0
M149,2011.0
M247,2011.0
M225,2011.0
M019,2011.0
M343,2011.0
M246,2011.0
M154,2011.0
M135,2011.0
M085,2011.0
M302,2011.0
M237,2011.0
M123,2011.0
M161,2011.0
L367,2011.0
M063,2011.0
M120,2011.0
M095,2011.0
M220,2011.0
M308,2011.0
M291,2011.0
L223,2011.0
M118,2011.0
M279,2011.0
M233,2011.0
M011,2011.0
M258,2011.0
M141,2011.0
M211,2011.0
M037,2011.0
M191,2011.0
M275,2011.0
M323,2011.0
M239,2011.0
M312,2011.0
M346,2011.0
L432,2011.0
M313,2011.0
M091,2011.0
L374,2011.0
M036,2011.0
M087,2011.0
M180,2011.0
M269,2011.0
M182,2011.0
M286,2011.0
M156,2011.0
M285,2011.0
M210,2011.0
M259,2011.0
M194,2011.0
L124,2011.0
N016,2011.0
N034,2011.0
M094,2011.0
M010,2011.0
M221,2011.0
M014,2011.0
M163,2011.0
M294,2011.0
M053,2011.0
M198,2011.0
M372,2011.0
M403,2011.0
M183,2011.0
M295,2011.0
M405,2011.0
M201,2011.0
M236,2011.0
M339,2011.0
M282,2011.0
M263,2011.0
L402,2011.0
L409,2011.0
M074,2011.0
M228,2011.0
M290,2011.0
M111,2011.0
M134,2011.0
L360,2011.0
M354,2011.0
M207,2011.0
M241,2011.0
M152,2011.0
M138,2011.0
M173,2011.0
M082,2011.0
M393,2011.0
L359,2011.0
M333,2011.0
M235,2011.0
M345,2011.0
M196,2011.0
M153,2011.0
M187,2011.0
M117,2011.0
M283,2011.0
M166,2011.0
M150,2011.0
M132,2011.0
M165,2011.0
M147,2011.0
M113,2011.0
M190,2011.0
M238,2011.0
M176,2011.0
M155,2011.0
M320,2011.0
M287,2011.0
M303,2011.0
L394,2011.0
M186,2011.0
M172,2011.0
L356,2011.0
M158,2011.0
M080,2011.0
M057,2011.0
M168,2011.0
M046,2011.0
M296,2011.0
M297,2011.0
M254,2011.0
M216,2011.0
M143,2011.0
M248,2011.0
M106,2011.0
M261,2011.0
M070,2011.0
M162,2011.0
M224,2011.0
M128,2011.0
M310,2011.0
M140,2011.0
M268,2011.0
L429,2011.0
L344,2011.0
M212,2011.0
M181,2011.0
M103,2011.0
M223,2011.0
M277,2011.0
M271,2011.0
M331,2011.0
M253,2011.0
M227,2011.0
M315,2011.0
M188,2011.0
M116,2011.0
M088,2011.0
M334,2011.0
M318,2011.0
M327,2011.0
N075,2011.0
N021,2011.0
M252,2011.0
N065,2011.0
M409,2011.0
N083,2011.0
L238,2011.0
M374,2011.0
M377,2011.0
N104,2011.0
M380,2011.0
M356,2011.0
M219,2011.0
N019,2011.0
N028,2011.0
M363,2011.0
L345,2011.0
N088,2011.0
M367,2011.0
N017,2011.0
L428,2011.0
M366,2011.0
M260,2011.0
M406,2011.0
M373,2011.0
M365,2011.0
M264,2011.0
N012,2011.0
N100,2011.0
M412,2011.0
N039,2011.0
M357,2011.0
N011,2011.0
M418,2011.0
M278,2011.0
M104,2011.0
M416,2011.0
N046,2011.0
M059,2011.0
N051,2011.0
M329,2011.0
M413,2011.0
M317,2011.0
M419,2011.0
M360,2011.0
M093,2011.0
N078,2011.0
M145,2011.0
M379,2011.0
N002,2011.0
M314,2011.0
M200,2011.0
M353,2011.0
M342,2011.0
M400,2011.0
M307,2011.0
M273,2011.0
L197,2011.0
N027,2011.0
M359,2011.0
M139,2011.0
M110,2011.0
M177,2011.0
M407,2011.0
M358,2011.0
N013,2011.0
N101,2011.0
N118,2011.0
N025,2011.0
N161,2011.0
M390,2011.0
M399,2011.0
N007,2011.0
M376,2011.0
N052,2011.0
N005,2011.0
M361,2011.0
M404,2011.0
N001,2011.0
N014,2011.0
N087,2011.0
N102,2011.0
N089,2011.0
M383,2011.0
N023,2011.0
M274,2011.0
N096,2011.0
N054,2011.0
M030,2011.0
N029,2011.0
N032,2011.0
M349,2011.0
M350,2011.0
N613,2011.0
N615,2011.0
N608,2011.0
N611,2011.0
N614,2011.0
N612,2011.0
N010,2011.0
N610,2011.0
N617,2011.0
N616,2011.0
N618,2011.0
L621,2011.0
N619,2011.0
M381,2011.0
N622,2011.0
N607,2011.0
N603,2011.0
N621,2011.0
N606,2011.0
N601,2011.0
N604,2011.0
N605,2011.0
N077,2011.0
M386,2011.0
N024,2011.0
M084,2011.0
M319,2011.0
N033,2011.0
N018,2011.0
N031,2011.0
N050,2011.0
M213,2011.0
M351,2011.0
M362,2011.0
M370,2011.0
M388,2011.0
M160,2011.0
M401,2011.0
M322,2011.0
M344,2011.0
M184,2011.0
N091,2011.0
M408,2011.0
M378,2011.0
M364,2011.0
M099,2011.0
M096,2011.0
M076,2011.0
L164,2011.0
M078,2011.0
M157,2011.0
M633,2011.0
M630,2011.0
M631,2011.0
M629,2011.0
M604,2011.0
M632,2011.0
L388,2011.0
M169,2011.0
M179,2011.0
M092,2011.0
L331,2011.0
M136,2011.0
M049,2011.0
M050,2011.0
M142,2011.0
M015,2011.0
M073,2011.0
L233,2011.0
M637,2011.0
M638,2011.0
M639,2011.0
M640,2011.0
M203,2011.0
M130,2011.0
N086,2012.0
N251,2012.0
N172,2012.0
N048,2012.0
N362,2012.0
N320,2012.0
N297,2012.0
N084,2012.0
N112,2012.0
N092,2012.0
N360,2012.0
N275,2012.0
N145,2012.0
N015,2012.0
N250,2012.0
N227,2012.0
N194,2012.0
N030,2012.0
N263,2012.0
N387,2012.0
N308,2012.0
N268,2012.0
N393,2012.0
N055,2012.0
N217,2012.0
N064,2012.0
N272,2012.0
N285,2012.0
M396,2012.0
N284,2012.0
N099,2012.0
N371,2012.0
N303,2012.0
N304,2012.0
N165,2012.0
N107,2012.0
N061,2012.0
N293,2012.0
N292,2012.0
N167,2012.0
N180,2012.0
M202,2012.0
N111,2012.0
N133,2012.0
N191,2012.0
N195,2012.0
N066,2012.0
N071,2012.0
M410,2012.0
N210,2012.0
N095,2012.0
M395,2012.0
N063,2012.0
N389,2012.0
N213,2012.0
N123,2012.0
N234,2012.0
N184,2012.0
N262,2012.0
N207,2012.0
N079,2012.0
N324,2012.0
N127,2012.0
N226,2012.0
M230,2012.0
N381,2012.0
N105,2012.0
N231,2012.0
N208,2012.0
N068,2012.0
N060,2012.0
N202,2012.0
M391,2012.0
N047,2012.0
N352,2012.0
N311,2012.0
N058,2012.0
N211,2012.0
N124,2012.0
N125,2012.0
N323,2012.0
N131,2012.0
N245,2012.0
N196,2012.0
N264,2012.0
N243,2012.0
N168,2012.0
N177,2012.0
N270,2012.0
N081,2012.0
N132,2012.0
M348,2012.0
N073,2012.0
N113,2012.0
M206,2012.0
N212,2012.0
N216,2012.0
N154,2012.0
N166,2012.0
N215,2012.0
N261,2012.0
M251,2012.0
N186,2012.0
N193,2012.0
N115,2012.0
N370,2012.0
N185,2012.0
N136,2012.0
N258,2012.0
N053,2012.0
N241,2012.0
N390,2012.0
N006,2012.0
N219,2012.0
N356,2012.0
N235,2012.0
N222,2012.0
N325,2012.0
N233,2012.0
N355,2012.0
N301,2012.0
M415,2012.0
N346,2012.0
M272,2012.0
N093,2012.0
N182,2012.0
N045,2012.0
N299,2012.0
N062,2012.0
N059,2012.0
M384,2012.0
N302,2012.0
N316,2012.0
N307,2012.0
N321,2012.0
M382,2012.0
N076,2012.0
N148,2012.0
N178,2012.0
N141,2012.0
N121,2012.0
N120,2012.0
N209,2012.0
N098,2012.0
N189,2012.0
N116,2012.0
N090,2012.0
N322,2012.0
N220,2012.0
N174,2012.0
N369,2012.0
N122,2012.0
N204,2012.0
N282,2012.0
N260,2012.0
N187,2012.0
N425,2012.0
N157,2012.0
N349,2012.0
N134,2012.0
N366,2012.0
N130,2012.0
N169,2012.0
N291,2012.0
N188,2012.0
N274,2012.0
N341,2012.0
N265,2012.0
N267,2012.0
N159,2012.0
N288,2012.0
N044,2012.0
N070,2012.0
N351,2012.0
N367,2012.0
N342,2012.0
N240,2012.0
N239,2012.0
N156,2012.0
N192,2012.0
M270,2012.0
N314,2012.0
N287,2012.0
N135,2012.0
N330,2012.0
N347,2012.0
N143,2012.0
N294,2012.0
N276,2012.0
N146,2012.0
N230,2012.0
M394,2012.0
N139,2012.0
N333,2012.0
N110,2012.0
N228,2012.0
N229,2012.0
N283,2012.0
N163,2012.0
N319,2012.0
N151,2012.0
N042,2012.0
N280,2012.0
M337,2012.0
N218,2012.0
N137,2012.0
N008,2012.0
N057,2012.0
N224,2012.0
N269,2012.0
N259,2012.0
N004,2012.0
N200,2012.0
N085,2012.0
N160,2012.0
N049,2012.0
N152,2012.0
N140,2012.0
N223,2012.0
N144,2012.0
N069,2012.0
N244,2012.0
N256,2012.0
N041,2012.0
N114,2012.0
N128,2012.0
N149,2012.0
N295,2012.0
N097,2012.0
N237,2012.0
N296,2012.0
N175,2012.0
N164,2012.0
N020,2012.0
N171,2012.0
N289,2012.0
N155,2012.0
N035,2012.0
N022,2012.0
N162,2012.0
M309,2012.0
N266,2012.0
N255,2012.0
N310,2012.0
N183,2012.0
M217,2012.0
N253,2012.0
N082,2012.0
N094,2012.0
N271,2012.0
N249,2012.0
N201,2012.0
N309,2012.0
N363,2012.0
N040,2012.0
N150,2012.0
N348,2012.0
N335,2012.0
N368,2012.0
N279,2012.0
N129,2012.0
N056,2012.0
N329,2012.0
N394,2012.0
N420,2012.0
N138,2012.0
N411,2012.0
P066,2012.0
N435,2012.0
N412,2012.0
N427,2012.0
N375,2012.0
N434,2012.0
P065,2012.0
N158,2012.0
N181,2012.0
N379,2012.0
P037,2012.0
N361,2012.0
N429,2012.0
P619,2012.0
N252,2012.0
N372,2012.0
P601,2012.0
P605,2012.0
P625,2012.0
P621,2012.0
P622,2012.0
N225,2012.0
P623,2012.0
P618,2012.0
P602,2012.0
K639,2012.0
P010,2012.0
P046,2012.0
N439,2012.0
N444,2012.0
P005,2012.0
N406,2012.0
N428,2012.0
N374,2012.0
N391,2012.0
M417,2012.0
N423,2012.0
N248,2012.0
N388,2012.0
P071,2012.0
N386,2012.0
N382,2012.0
N378,2012.0
N422,2012.0
N343,2012.0
N396,2012.0
N318,2012.0
P014,2012.0
P029,2012.0
P052,2012.0
P048,2012.0
N036,2012.0
P018,2012.0
N399,2012.0
P006,2012.0
P058,2012.0
P062,2012.0
P008,2012.0
N009,2012.0
P031,2012.0
N109,2012.0
N413,2012.0
P073,2012.0
N432,2012.0
N397,2012.0
N392,2012.0
N436,2012.0
P004,2012.0
N173,2012.0
M392,2012.0
P106,2012.0
N421,2012.0
N410,2012.0
P036,2012.0
N345,2012.0
N331,2012.0
P084,2012.0
P086,2012.0
P033,2012.0
N327,2012.0
P022,2012.0
N419,2012.0
N433,2012.0
P026,2012.0
N395,2012.0
P057,2012.0
P019,2012.0
P146,2012.0
M398,2012.0
N385,2012.0
N380,2012.0
N179,2012.0
P096,2012.0
P099,2012.0
P170,2012.0
N448,2012.0
N221,2012.0
N117,2012.0
P152,2012.0
P104,2012.0
P035,2012.0
P034,2012.0
P059,2012.0
N236,2012.0
N257,2012.0
P049,2012.0
P030,2012.0
P616,2012.0
P615,2012.0
P044,2012.0
P606,2012.0
P607,2012.0
P609,2012.0
P610,2012.0
P611,2012.0
P608,2012.0
P617,2012.0
P613,2012.0
P612,2012.0
N313,2012.0
P118,2012.0
P050,2012.0
N373,2012.0
N426,2012.0
P045,2012.0
N384,2012.0
N447,2012.0
N338,2012.0
P143,2012.0
N365,2012.0
N424,2012.0
N315,2012.0
P013,2012.0
P105,2012.0
N357,2012.0
N278,2012.0
P015,2012.0
P024,2012.0
N326,2012.0
N312,2012.0
N238,2012.0
N446,2012.0
P043,2012.0
N198,2012.0
N108,2012.0
M208,2012.0
N197,2012.0
M411,2012.0
N203,2012.0
N206,2012.0
N043,2012.0
M006,2012.0
M385,2012.0
M352,2012.0
N199,2012.0
M159,2012.0
N074,2012.0
N147,2012.0
N232,2012.0
N631,2012.0
N630,2012.0
N003,2012.0
N072,2012.0
N205,2012.0
N629,2012.0
N628,2012.0
N627,2012.0
N214,2012.0
N277,2012.0
N242,2012.0
N625,2012.0
N626,2012.0
N624,2012.0
M369,2012.0
N119,2012.0
M414,2012.0
P412,2013.0
P345,2013.0
P330,2013.0
P264,2013.0
N254,2013.0
P384,2013.0
P147,2013.0
P176,2013.0
N142,2013.0
P090,2013.0
N403,2013.0
P023,2013.0
P194,2013.0
P092,2013.0
P054,2013.0
P216,2013.0
P205,2013.0
P304,2013.0
P110,2013.0
P116,2013.0
P131,2013.0
P225,2013.0
P177,2013.0
P016,2013.0
P139,2013.0
P124,2013.0
P253,2013.0
P326,2013.0
P315,2013.0
P297,2013.0
N407,2013.0
P285,2013.0
N402,2013.0
P269,2013.0
P119,2013.0
P130,2013.0
P061,2013.0
P294,2013.0
P077,2013.0
P167,2013.0
P239,2013.0
P287,2013.0
N416,2013.0
P227,2013.0
P112,2013.0
N445,2013.0
P209,2013.0
P171,2013.0
P175,2013.0
S034,2013.0
P085,2013.0
P343,2013.0
P187,2013.0
P095,2013.0
P317,2013.0
P149,2013.0
P282,2013.0
P331,2013.0
P218,2013.0
P041,2013.0
P278,2013.0
P409,2013.0
P196,2013.0
P117,2013.0
N400,2013.0
P313,2013.0
P301,2013.0
P234,2013.0
N337,2013.0
P072,2013.0
P001,2013.0
P163,2013.0
N401,2013.0
P237,2013.0
P153,2013.0
P348,2013.0
P298,2013.0
P238,2013.0
N334,2013.0
N300,2013.0
P211,2013.0
P082,2013.0
P305,2013.0
P197,2013.0
P199,2013.0
N398,2013.0
P060,2013.0
N317,2013.0
P249,2013.0
P212,2013.0
P103,2013.0
P261,2013.0
P271,2013.0
P168,2013.0
P132,2013.0
P064,2013.0
N409,2013.0
P246,2013.0
P350,2013.0
P011,2013.0
P210,2013.0
P324,2013.0
P351,2013.0
P383,2013.0
P334,2013.0
P063,2013.0
N176,2013.0
P148,2013.0
N359,2013.0
P250,2013.0
P161,2013.0
P254,2013.0
P190,2013.0
P229,2013.0
P398,2013.0
P042,2013.0
P198,2013.0
N442,2013.0
P025,2013.0
P226,2013.0
P386,2013.0
P169,2013.0
P372,2013.0
P308,2013.0
S057,2013.0
P028,2013.0
P228,2013.0
P151,2013.0
P422,2013.0
P316,2013.0
P215,2013.0
P032,2013.0
P296,2013.0
P204,2013.0
P021,2013.0
P279,2013.0
P340,2013.0
P017,2013.0
P089,2013.0
P252,2013.0
P003,2013.0
P181,2013.0
P093,2013.0
P251,2013.0
S003,2013.0
P180,2013.0
P360,2013.0
P359,2013.0
P244,2013.0
P267,2013.0
S052,2013.0
P069,2013.0
S053,2013.0
P102,2013.0
P277,2013.0
P191,2013.0
P414,2013.0
P189,2013.0
N383,2013.0
P303,2013.0
P185,2013.0
P375,2013.0
P192,2013.0
P270,2013.0
P374,2013.0
N353,2013.0
P276,2013.0
P178,2013.0
P369,2013.0
P208,2013.0
P125,2013.0
P222,2013.0
P416,2013.0
P172,2013.0
P291,2013.0
P307,2013.0
P184,2013.0
P281,2013.0
P268,2013.0
P038,2013.0
P193,2013.0
P266,2013.0
P129,2013.0
P217,2013.0
P195,2013.0
P258,2013.0
P145,2013.0
P231,2013.0
P224,2013.0
P373,2013.0
P376,2013.0
P428,2013.0
P265,2013.0
N376,2013.0
P111,2013.0
P166,2013.0
P127,2013.0
P332,2013.0
P115,2013.0
P080,2013.0
P342,2013.0
P213,2013.0
S014,2013.0
P162,2013.0
P136,2013.0
P120,2013.0
P128,2013.0
P293,2013.0
P280,2013.0
P183,2013.0
P275,2013.0
P088,2013.0
P306,2013.0
N273,2013.0
P243,2013.0
P165,2013.0
P273,2013.0
P134,2013.0
P053,2013.0
P310,2013.0
P150,2013.0
P206,2013.0
P078,2013.0
P055,2013.0
P242,2013.0
P235,2013.0
P368,2013.0
P339,2013.0
P392,2013.0
P349,2013.0
P255,2013.0
P371,2013.0
P311,2013.0
P299,2013.0
P126,2013.0
P262,2013.0
P288,2013.0
P087,2013.0
P074,2013.0
P338,2013.0
P012,2013.0
P201,2013.0
N443,2013.0
P091,2013.0
P321,2013.0
P067,2013.0
P081,2013.0
P160,2013.0
P097,2013.0
P289,2013.0
P223,2013.0
P367,2013.0
P256,2013.0
P357,2013.0
N404,2013.0
P121,2013.0
P366,2013.0
P323,2013.0
P047,2013.0
P395,2013.0
N408,2013.0
P182,2013.0
P108,2013.0
P100,2013.0
P247,2013.0
P174,2013.0
P352,2013.0
P200,2013.0
P107,2013.0
P292,2013.0
N344,2013.0
P325,2013.0
P327,2013.0
P158,2013.0
P079,2013.0
P388,2013.0
P202,2013.0
N037,2013.0
P347,2013.0
P260,2013.0
P365,2013.0
S054,2013.0
P408,2013.0
P402,2013.0
P440,2013.0
N438,2013.0
N417,2013.0
P624,2013.0
S614,2013.0
S618,2013.0
S615,2013.0
P620,2013.0
S613,2013.0
S616,2013.0
S617,2013.0
P425,2013.0
S083,2013.0
P411,2013.0
P385,2013.0
P429,2013.0
P140,2013.0
P358,2013.0
P405,2013.0
P241,2013.0
P449,2013.0
P417,2013.0
S047,2013.0
P173,2013.0
S606,2013.0
S605,2013.0
S604,2013.0
S603,2013.0
S117,2013.0
S601,2013.0
S607,2013.0
S072,2013.0
N441,2013.0
S602,2013.0
S611,2013.0
P335,2013.0
P426,2013.0
P443,2013.0
S612,2013.0
S609,2013.0
S610,2013.0
S608,2013.0
P302,2013.0
P399,2013.0
S121,2013.0
S110,2013.0
P333,2013.0
P406,2013.0
S062,2013.0
N332,2013.0
S105,2013.0
P444,2013.0
S021,2013.0
S087,2013.0
S002,2013.0
P437,2013.0
P295,2013.0
P363,2013.0
S066,2013.0
P389,2013.0
S058,2013.0
S104,2013.0
P391,2013.0
S081,2013.0
S046,2013.0
S118,2013.0
P318,2013.0
S001,2013.0
S151,2013.0
P219,2013.0
S109,2013.0
S103,2013.0
S082,2013.0
P322,2013.0
S158,2013.0
S007,2013.0
P344,2013.0
N306,2013.0
P336,2013.0
S113,2013.0
S073,2013.0
S077,2013.0
P413,2013.0
S120,2013.0
P418,2013.0
P420,2013.0
P214,2013.0
P156,2013.0
S016,2013.0
N405,2013.0
S135,2013.0
S004,2013.0
S019,2013.0
S023,2013.0
S067,2013.0
P378,2013.0
S098,2013.0
S012,2013.0
P286,2013.0
S100,2013.0
P309,2013.0
P101,2013.0
P164,2013.0
P346,2013.0
S078,2013.0
P157,2013.0
P441,2013.0
P423,2013.0
S070,2013.0
S011,2013.0
P390,2013.0
S090,2013.0
P240,2013.0
P431,2013.0
P138,2013.0
S064,2013.0
P401,2013.0
S099,2013.0
S035,2013.0
P355,2013.0
P421,2013.0
P430,2013.0
S044,2013.0
S013,2013.0
S009,2013.0
P436,2013.0
P410,2013.0
P394,2013.0
P137,2013.0
P312,2013.0
P135,2013.0
P364,2013.0
P232,2013.0
P329,2013.0
P284,2013.0
P203,2013.0
P435,2013.0
S056,2013.0
S055,2013.0
P439,2013.0
P361,2013.0
S008,2013.0
P438,2013.0
P257,2013.0
P290,2013.0
P245,2013.0
P427,2013.0
P144,2013.0
P076,2013.0
P114,2013.0
N414,2013.0
P070,2013.0
P186,2013.0
P002,2013.0
P627,2013.0
P626,2013.0
P629,2013.0
P123,2013.0
N377,2013.0
N418,2013.0
P635,2013.0
P633,2013.0
P159,2013.0
P020,2013.0
P248,2013.0
P221,2013.0
P188,2013.0
P051,2013.0
P630,2013.0
P631,2013.0
P632,2013.0
S262,2014.0
S352,2014.0
S277,2014.0
S357,2014.0
S096,2014.0
S142,2014.0
P272,2014.0
S349,2014.0
S045,2014.0
S242,2014.0
S202,2014.0
S137,2014.0
P445,2014.0
S203,2014.0
P434,2014.0
S071,2014.0
S369,2014.0
S115,2014.0
S235,2014.0
S161,2014.0
S213,2014.0
S245,2014.0
S237,2014.0
S123,2014.0
S241,2014.0
P353,2014.0
S152,2014.0
S038,2014.0
S181,2014.0
P382,2014.0
S140,2014.0
S224,2014.0
S133,2014.0
S314,2014.0
S222,2014.0
P393,2014.0
S233,2014.0
P397,2014.0
S327,2014.0
S097,2014.0
S278,2014.0
P415,2014.0
S160,2014.0
S018,2014.0
S234,2014.0
S026,2014.0
S205,2014.0
S298,2014.0
P446,2014.0
S254,2014.0
S212,2014.0
S198,2014.0
S010,2014.0
S085,2014.0
S153,2014.0
S126,2014.0
S231,2014.0
S305,2014.0
S134,2014.0
S141,2014.0
S214,2014.0
P396,2014.0
S068,2014.0
S279,2014.0
S260,2014.0
S302,2014.0
S124,2014.0
S101,2014.0
S215,2014.0
S145,2014.0
S136,2014.0
P432,2014.0
S240,2014.0
S293,2014.0
S226,2014.0
S177,2014.0
S059,2014.0
S319,2014.0
S150,2014.0
S225,2014.0
S263,2014.0
S264,2014.0
S297,2014.0
S348,2014.0
S147,2014.0
S116,2014.0
S138,2014.0
P122,2014.0
S107,2014.0
S076,2014.0
S280,2014.0
S221,2014.0
S125,2014.0
S183,2014.0
S031,2014.0
P379,2014.0
S143,2014.0
P230,2014.0
S185,2014.0
S325,2014.0
S094,2014.0
P075,2014.0
S149,2014.0
S411,2014.0
S404,2014.0
S409,2014.0
S127,2014.0
S290,2014.0
S204,2014.0
S321,2014.0
S310,2014.0
S275,2014.0
S265,2014.0
P400,2014.0
S345,2014.0
S192,2014.0
S342,2014.0
S193,2014.0
S108,2014.0
S207,2014.0
S258,2014.0
S273,2014.0
S301,2014.0
S022,2014.0
S344,2014.0
S168,2014.0
S299,2014.0
S157,2014.0
S340,2014.0
S025,2014.0
S050,2014.0
S186,2014.0
S005,2014.0
S028,2014.0
S139,2014.0
S146,2014.0
S093,2014.0
S130,2014.0
S244,2014.0
S187,2014.0
S155,2014.0
S091,2014.0
P404,2014.0
S361,2014.0
S169,2014.0
S132,2014.0
S330,2014.0
S164,2014.0
S247,2014.0
S084,2014.0
S228,2014.0
S220,2014.0
S329,2014.0
S194,2014.0
S434,2014.0
S255,2014.0
S307,2014.0
S360,2014.0
S051,2014.0
S199,2014.0
S328,2014.0
S311,2014.0
S388,2014.0
S176,2014.0
S284,2014.0
S174,2014.0
S209,2014.0
S200,2014.0
S197,2014.0
S276,2014.0
S112,2014.0
S236,2014.0
S274,2014.0
S253,2014.0
S156,2014.0
S017,2014.0
S295,2014.0
S239,2014.0
S251,2014.0
S188,2014.0
S195,2014.0
P407,2014.0
S075,2014.0
S032,2014.0
S243,2014.0
S324,2014.0
S119,2014.0
S015,2014.0
S042,2014.0
S131,2014.0
S159,2014.0
S178,2014.0
P448,2014.0
P433,2014.0
S182,2014.0
S095,2014.0
S259,2014.0
S291,2014.0
S238,2014.0
S114,2014.0
S370,2014.0
S048,2014.0
S300,2014.0
S148,2014.0
S074,2014.0
P283,2014.0
S128,2014.0
S303,2014.0
S266,2014.0
S061,2014.0
S246,2014.0
S190,2014.0
S088,2014.0
S261,2014.0
S163,2014.0
S257,2014.0
S363,2014.0
S332,2014.0
T031,2014.0
S270,2014.0
S351,2014.0
T025,2014.0
S374,2014.0
S286,2014.0
T023,2014.0
T035,2014.0
S359,2014.0
T055,2014.0
T013,2014.0
T049,2014.0
S393,2014.0
S167,2014.0
S437,2014.0
S189,2014.0
T103,2014.0
T056,2014.0
S436,2014.0
T057,2014.0
T123,2014.0
T119,2014.0
T077,2014.0
S442,2014.0
T002,2014.0
S392,2014.0
S399,2014.0
S443,2014.0
S378,2014.0
S335,2014.0
T083,2014.0
T046,2014.0
T065,2014.0
S218,2014.0
S385,2014.0
S365,2014.0
T034,2014.0
S364,2014.0
S316,2014.0
T012,2014.0
S410,2014.0
S380,2014.0
T014,2014.0
S362,2014.0
T048,2014.0
S172,2014.0
T068,2014.0
S292,2014.0
S384,2014.0
P381,2014.0
S432,2014.0
T602,2014.0
S373,2014.0
S391,2014.0
S417,2014.0
S358,2014.0
S323,2014.0
S102,2014.0
S326,2014.0
S450,2014.0
T069,2014.0
S206,2014.0
S386,2014.0
S418,2014.0
T601,2014.0
T027,2014.0
T081,2014.0
T011,2014.0
P354,2014.0
T037,2014.0
S397,2014.0
S420,2014.0
S353,2014.0
S405,2014.0
S424,2014.0
S444,2014.0
S282,2014.0
P450,2014.0
T073,2014.0
S394,2014.0
S415,2014.0
S165,2014.0
S256,2014.0
S308,2014.0
S379,2014.0
S144,2014.0
S162,2014.0
S306,2014.0
S211,2014.0
S350,2014.0
S317,2014.0
T115,2014.0
S387,2014.0
S296,2014.0
T098,2014.0
P328,2014.0
S398,2014.0
T129,2014.0
T036,2014.0
S092,2014.0
S413,2014.0
S407,2014.0
T032,2014.0
S375,2014.0
T116,2014.0
T118,2014.0
T127,2014.0
S408,2014.0
T162,2014.0
T017,2014.0
T102,2014.0
T006,2014.0
S448,2014.0
S267,2014.0
T005,2014.0
S389,2014.0
T026,2014.0
S033,2014.0
S086,2014.0
S272,2014.0
S269,2014.0
S337,2014.0
S347,2014.0
T007,2014.0
S354,2014.0
S368,2014.0
S412,2014.0
T009,2014.0
S313,2014.0
T151,2014.0
T606,2014.0
T604,2014.0
T605,2014.0
T607,2014.0
T618,2014.0
T617,2014.0
T121,2014.0
T016,2014.0
T615,2014.0
T616,2014.0
T620,2014.0
S320,2014.0
T040,2014.0
T053,2014.0
S446,2014.0
S376,2014.0
S435,2014.0
T051,2014.0
T058,2014.0
T613,2014.0
T603,2014.0
T614,2014.0
T148,2014.0
T609,2014.0
T610,2014.0
T146,2014.0
T612,2014.0
T608,2014.0
T104,2014.0
T112,2014.0
T125,2014.0
S383,2014.0
S339,2014.0
S422,2014.0
S426,2014.0
S210,2014.0
S288,2014.0
S416,2014.0
S312,2014.0
S201,2014.0
T038,2014.0
S283,2014.0
S041,2014.0
S431,2014.0
S372,2014.0
S430,2014.0
S175,2014.0
S445,2014.0
S425,2014.0
S343,2014.0
S122,2014.0
S171,2014.0
S180,2014.0
P447,2014.0
P387,2014.0
P377,2014.0
S620,2014.0
S622,2014.0
S621,2014.0
S619,2014.0
S623,2014.0
S079,2014.0
S043,2014.0
S020,2014.0
P341,2014.0
P403,2014.0
P380,2014.0
S111,2014.0
P155,2014.0
S629,2014.0
S630,2014.0
S628,2014.0
S626,2014.0
S625,2014.0
S624,2014.0
S627,2014.0
S006,2014.0
S049,2014.0
S170,2014.0
S223,2014.0
S217,2014.0
S216,2014.0
S030,2014.0
T365,2015.0
T059,2015.0
T050,2015.0
T213,2015.0
S229,2015.0
T240,2015.0
T045,2015.0
T252,2015.0
T175,2015.0
S191,2015.0
T289,2015.0
T307,2015.0
T064,2015.0
T288,2015.0
S449,2015.0
T198,2015.0
T230,2015.0
T111,2015.0
S414,2015.0
T312,2015.0
T210,2015.0
T256,2015.0
T108,2015.0
T205,2015.0
T328,2015.0
T084,2015.0
T163,2015.0
T184,2015.0
T079,2015.0
T089,2015.0
S395,2015.0
T253,2015.0
T082,2015.0
T322,2015.0
T215,2015.0
S346,2015.0
T178,2015.0
T246,2015.0
S287,2015.0
T224,2015.0
T168,2015.0
P424,2015.0
T219,2015.0
T311,2015.0
T208,2015.0
T265,2015.0
T216,2015.0
T004,2015.0
T339,2015.0
T201,2015.0
T228,2015.0
T222,2015.0
S367,2015.0
T295,2015.0
T133,2015.0
T383,2015.0
T214,2015.0
T379,2015.0
S403,2015.0
T300,2015.0
T273,2015.0
T128,2015.0
T363,2015.0
S381,2015.0
T126,2015.0
T101,2015.0
T298,2015.0
S248,2015.0
T248,2015.0
T234,2015.0
T301,2015.0
T179,2015.0
T309,2015.0
T170,2015.0
T152,2015.0
T306,2015.0
T200,2015.0
T186,2015.0
S419,2015.0
T364,2015.0
T196,2015.0
T202,2015.0
T382,2015.0
T371,2015.0
T310,2015.0
T342,2015.0
T356,2015.0
T018,2015.0
P263,2015.0
S423,2015.0
T385,2015.0
S447,2015.0
T285,2015.0
T236,2015.0
T134,2015.0
T110,2015.0
T354,2015.0
T066,2015.0
T260,2015.0
T274,2015.0
T061,2015.0
T254,2015.0
T052,2015.0
T317,2015.0
T080,2015.0
T124,2015.0
T381,2015.0
T190,2015.0
T003,2015.0
S438,2015.0
T195,2015.0
T227,2015.0
T405,2015.0
T320,2015.0
T191,2015.0
T130,2015.0
T174,2015.0
T067,2015.0
T238,2015.0
T096,2015.0
T166,2015.0
T343,2015.0
T292,2015.0
T138,2015.0
T324,2015.0
T020,2015.0
T106,2015.0
T398,2015.0
T376,2015.0
T235,2015.0
S421,2015.0
T404,2015.0
T135,2015.0
T188,2015.0
S439,2015.0
T093,2015.0
T257,2015.0
T280,2015.0
T044,2015.0
T335,2015.0
T212,2015.0
T262,2015.0
T225,2015.0
T296,2015.0
T333,2015.0
T258,2015.0
T171,2015.0
T391,2015.0
T396,2015.0
V039,2015.0
T094,2015.0
T113,2015.0
T346,2015.0
T378,2015.0
T299,2015.0
T160,2015.0
T197,2015.0
V061,2015.0
T340,2015.0
T374,2015.0
T218,2015.0
T054,2015.0
T345,2015.0
T145,2015.0
T159,2015.0
T155,2015.0
T268,2015.0
T010,2015.0
T189,2015.0
T316,2015.0
T352,2015.0
T366,2015.0
T294,2015.0
T270,2015.0
T287,2015.0
T375,2015.0
T117,2015.0
T350,2015.0
T217,2015.0
T158,2015.0
T271,2015.0
T199,2015.0
T284,2015.0
T087,2015.0
T187,2015.0
T357,2015.0
T373,2015.0
T334,2015.0
T029,2015.0
S356,2015.0
T283,2015.0
T293,2015.0
T303,2015.0
T245,2015.0
T105,2015.0
T028,2015.0
T092,2015.0
T091,2015.0
T144,2015.0
T261,2015.0
T272,2015.0
T291,2015.0
T157,2015.0
T251,2015.0
T206,2015.0
T099,2015.0
T140,2015.0
T085,2015.0
T019,2015.0
T075,2015.0
T286,2015.0
T211,2015.0
T242,2015.0
T132,2015.0
T177,2015.0
S433,2015.0
T279,2015.0
V113,2015.0
T263,2015.0
T305,2015.0
T167,2015.0
T062,2015.0
S336,2015.0
T183,2015.0
T024,2015.0
T095,2015.0
T042,2015.0
T355,2015.0
T001,2015.0
T193,2015.0
T353,2015.0
T266,2015.0
T319,2015.0
T136,2015.0
T072,2015.0
S196,2015.0
T086,2015.0
S440,2015.0
T203,2015.0
T239,2015.0
T275,2015.0
T409,2015.0
T428,2015.0
T359,2015.0
V025,2015.0
V027,2015.0
T241,2015.0
T336,2015.0
T231,2015.0
T341,2015.0
V062,2015.0
V024,2015.0
S355,2015.0
V043,2015.0
T417,2015.0
V022,2015.0
T344,2015.0
T358,2015.0
T388,2015.0
T220,2015.0
S338,2015.0
S252,2015.0
V008,2015.0
T427,2015.0
T420,2015.0
V090,2015.0
V082,2015.0
V004,2015.0
T297,2015.0
T237,2015.0
V011,2015.0
T209,2015.0
T387,2015.0
T349,2015.0
V019,2015.0
T400,2015.0
V072,2015.0
T351,2015.0
V016,2015.0
V095,2015.0
V058,2015.0
T207,2015.0
T423,2015.0
T372,2015.0
T149,2015.0
T259,2015.0
T397,2015.0
T369,2015.0
V046,2015.0
T403,2015.0
T315,2015.0
V053,2015.0
T109,2015.0
V031,2015.0
V005,2015.0
T410,2015.0
V085,2015.0
T139,2015.0
T276,2015.0
S232,2015.0
V035,2015.0
T192,2015.0
T392,2015.0
V034,2015.0
V009,2015.0
T137,2015.0
T161,2015.0
T323,2015.0
T331,2015.0
T384,2015.0
T401,2015.0
T422,2015.0
T314,2015.0
T074,2015.0
T313,2015.0
T395,2015.0
T172,2015.0
V013,2015.0
V002,2015.0
T393,2015.0
T142,2015.0
V170,2015.0
V172,2015.0
V125,2015.0
V081,2015.0
T418,2015.0
T114,2015.0
T088,2015.0
T181,2015.0
T122,2015.0
T022,2015.0
V136,2015.0
S428,2015.0
T421,2015.0
V071,2015.0
V609,2015.0
V607,2015.0
V606,2015.0
V614,2015.0
V617,2015.0
V616,2015.0
V608,2015.0
V610,2015.0
V083,2015.0
V605,2015.0
V613,2015.0
T370,2015.0
V056,2015.0
V057,2015.0
T622,2015.0
V615,2015.0
V611,2015.0
V612,2015.0
V604,2015.0
V114,2015.0
T390,2015.0
T176,2015.0
V620,2015.0
V619,2015.0
V603,2015.0
V601,2015.0
V602,2015.0
T431,2015.0
V625,2015.0
T348,2015.0
V131,2015.0
T411,2015.0
V624,2015.0
T432,2015.0
V623,2015.0
V021,2015.0
V086,2015.0
V006,2015.0
T429,2015.0
V067,2015.0
V014,2015.0
S400,2015.0
V089,2015.0
T281,2015.0
T229,2015.0
V074,2015.0
T413,2015.0
T060,2015.0
T071,2015.0
T255,2015.0
T182,2015.0
T419,2015.0
V066,2015.0
T264,2015.0
T326,2015.0
T063,2015.0
T250,2015.0
T347,2015.0
T150,2015.0
T412,2015.0
T043,2015.0
S396,2015.0
T100,2015.0
T164,2015.0
T180,2015.0
S401,2015.0
S268,2015.0
S331,2015.0
T076,2015.0
S249,2015.0
T097,2015.0
T611,2015.0
T619,2015.0
T008,2015.0
T041,2015.0
S341,2015.0
S333,2015.0
S382,2015.0
S036,2015.0
T143,2015.0
T244,2015.0
T147,2015.0
T169,2015.0
T247,2015.0
T165,2015.0
T290,2015.0
T204,2015.0
T141,2015.0
S402,2015.0
T621,2015.0
T325,2016.0
V107,2016.0
V347,2016.0
T380,2016.0
V328,2016.0
V283,2016.0
V088,2016.0
V315,2016.0
V010,2016.0
V317,2016.0
V326,2016.0
V126,2016.0
V187,2016.0
V099,2016.0
V135,2016.0
V122,2016.0
V117,2016.0
V203,2016.0
V258,2016.0
V200,2016.0
V087,2016.0
V040,2016.0
V270,2016.0
V063,2016.0
T329,2016.0
V269,2016.0
V278,2016.0
V227,2016.0
V049,2016.0
V297,2016.0
V355,2016.0
V121,2016.0
V123,2016.0
V132,2016.0
V192,2016.0
V247,2016.0
T406,2016.0
V180,2016.0
V110,2016.0
V252,2016.0
V310,2016.0
V299,2016.0
V248,2016.0
T402,2016.0
V188,2016.0
V141,2016.0
T233,2016.0
V296,2016.0
V070,2016.0
V177,2016.0
V243,2016.0
V128,2016.0
V251,2016.0
V325,2016.0
S106,2016.0
V217,2016.0
V263,2016.0
V186,2016.0
V052,2016.0
V265,2016.0
V069,2016.0
T426,2016.0
V127,2016.0
V215,2016.0
V276,2016.0
V189,2016.0
T415,2016.0
V108,2016.0
V231,2016.0
V205,2016.0
V238,2016.0
V338,2016.0
V173,2016.0
V150,2016.0
V080,2016.0
V076,2016.0
T302,2016.0
V349,2016.0
V302,2016.0
V214,2016.0
V032,2016.0
V162,2016.0
V300,2016.0
V134,2016.0
V166,2016.0
V229,2016.0
V037,2016.0
T153,2016.0
V181,2016.0
V064,2016.0
V222,2016.0
V254,2016.0
V253,2016.0
V303,2016.0
S441,2016.0
V147,2016.0
V230,2016.0
V224,2016.0
V197,2016.0
T361,2016.0
T232,2016.0
T221,2016.0
V105,2016.0
V179,2016.0
V042,2016.0
V091,2016.0
V282,2016.0
T389,2016.0
V167,2016.0
V059,2016.0
V301,2016.0
V208,2016.0
V288,2016.0
V291,2016.0
V375,2016.0
V279,2016.0
V290,2016.0
V077,2016.0
V026,2016.0
V212,2016.0
V160,2016.0
V036,2016.0
V164,2016.0
V323,2016.0
V146,2016.0
T278,2016.0
V220,2016.0
V159,2016.0
V048,2016.0
T338,2016.0
V414,2016.0
V094,2016.0
V190,2016.0
V171,2016.0
V079,2016.0
T416,2016.0
V199,2016.0
V020,2016.0
T330,2016.0
V223,2016.0
V262,2016.0
V060,2016.0
V259,2016.0
T386,2016.0
V129,2016.0
V165,2016.0
V266,2016.0
V119,2016.0
T223,2016.0
V157,2016.0
V092,2016.0
V102,2016.0
V101,2016.0
V307,2016.0
V116,2016.0
V156,2016.0
V202,2016.0
V377,2016.0
V334,2016.0
V398,2016.0
V213,2016.0
T332,2016.0
V316,2016.0
V235,2016.0
V111,2016.0
V372,2016.0
V255,2016.0
V118,2016.0
V340,2016.0
V240,2016.0
V184,2016.0
V143,2016.0
V151,2016.0
V286,2016.0
V201,2016.0
V182,2016.0
T436,2016.0
T282,2016.0
V362,2016.0
V133,2016.0
T368,2016.0
V149,2016.0
V209,2016.0
S322,2016.0
V030,2016.0
V194,2016.0
V051,2016.0
V015,2016.0
V236,2016.0
V001,2016.0
V264,2016.0
V198,2016.0
V185,2016.0
V078,2016.0
V206,2016.0
V344,2016.0
V038,2016.0
T304,2016.0
T435,2016.0
V287,2016.0
V161,2016.0
V155,2016.0
V096,2016.0
V018,2016.0
V138,2016.0
V225,2016.0
V305,2016.0
V306,2016.0
V271,2016.0
V331,2016.0
V281,2016.0
V144,2016.0
V274,2016.0
V216,2016.0
V226,2016.0
V350,2016.0
V017,2016.0
V130,2016.0
V294,2016.0
V163,2016.0
V321,2016.0
V244,2016.0
V154,2016.0
V293,2016.0
V261,2016.0
V273,2016.0
T039,2016.0
V093,2016.0
V268,2016.0
V311,2016.0
V045,2016.0
V218,2016.0
V408,2016.0
V407,2016.0
V376,2016.0
V389,2016.0
A083,2016.0
A008,2016.0
A027,2016.0
V012,2016.0
A101,2016.0
A052,2016.0
V246,2016.0
V295,2016.0
V145,2016.0
T267,2016.0
V055,2016.0
V292,2016.0
V228,2016.0
V365,2016.0
A051,2016.0
A009,2016.0
V364,2016.0
A026,2016.0
V384,2016.0
A072,2016.0
A023,2016.0
A100,2016.0
V370,2016.0
A097,2016.0
V341,2016.0
V207,2016.0
A114,2016.0
V176,2016.0
V410,2016.0
V401,2016.0
T154,2016.0
V050,2016.0
T399,2016.0
V409,2016.0
V183,2016.0
V153,2016.0
A041,2016.0
A002,2016.0
V140,2016.0
V371,2016.0
V142,2016.0
V379,2016.0
A096,2016.0
V397,2016.0
V333,2016.0
V421,2016.0
V391,2016.0
V329,2016.0
V420,2016.0
V358,2016.0
V378,2016.0
V413,2016.0
V260,2016.0
V394,2016.0
V320,2016.0
V399,2016.0
V406,2016.0
V342,2016.0
V313,2016.0
V233,2016.0
V221,2016.0
A031,2016.0
V386,2016.0
A012,2016.0
V357,2016.0
A044,2016.0
A025,2016.0
V084,2016.0
A146,2016.0
V250,2016.0
T424,2016.0
A022,2016.0
A050,2016.0
A065,2016.0
A116,2016.0
A067,2016.0
V369,2016.0
V352,2016.0
A074,2016.0
V380,2016.0
A003,2016.0
V395,2016.0
A134,2016.0
T337,2016.0
V339,2016.0
A111,2016.0
A029,2016.0
V335,2016.0
V327,2016.0
A014,2016.0
V346,2016.0
A608,2016.0
A609,2016.0
A610,2016.0
A603,2016.0
A620,2016.0
A601,2016.0
A602,2016.0
A605,2016.0
A606,2016.0
A607,2016.0
V381,2016.0
A093,2016.0
A090,2016.0
V631,2016.0
A612,2016.0
A613,2016.0
A615,2016.0
V356,2016.0
V361,2016.0
A024,2016.0
A042,2016.0
A004,2016.0
A001,2016.0
V412,2016.0
V354,2016.0
A036,2016.0
V632,2016.0
A619,2016.0
A618,2016.0
A616,2016.0
A621,2016.0
A617,2016.0
A614,2016.0
V174,2016.0
A113,2016.0
A064,2016.0
A081,2016.0
V308,2016.0
V324,2016.0
V319,2016.0
V318,2016.0
A034,2016.0
A119,2016.0
V387,2016.0
V106,2016.0
V383,2016.0
V097,2016.0
T226,2016.0
V367,2016.0
A038,2016.0
V415,2016.0
V068,2016.0
V418,2016.0
V104,2016.0
V627,2016.0
V168,2016.0
V175,2016.0
V044,2016.0
V193,2016.0
V075,2016.0
V103,2016.0
S315,2016.0
V196,2016.0
V033,2016.0
V630,2016.0
V629,2016.0
V628,2016.0
T408,2016.0
T318,2016.0
V073,2016.0
V241,2016.0
V256,2016.0
V633,2016.0
V634,2016.0
V638,2016.0
V098,2016.0
V636,2016.0
V635,2016.0
V178,2016.0
V054,2016.0
V158,2016.0
T434,2016.0
V368,2017.0
A040,2017.0
A307,2017.0
A305,2017.0
A164,2017.0
A237,2017.0
A318,2017.0
A281,2017.0
A151,2017.0
A330,2017.0
A142,2017.0
A047,2017.0
A225,2017.0
A298,2017.0
A089,2017.0
A007,2017.0
A055,2017.0
A262,2017.0
A011,2017.0
A230,2017.0
A261,2017.0
A120,2017.0
A170,2017.0
A059,2017.0
A107,2017.0
A217,2017.0
A315,2017.0
A268,2017.0
A246,2017.0
A352,2017.0
A104,2017.0
A106,2017.0
A152,2017.0
V337,2017.0
A193,2017.0
A196,2017.0
A345,2017.0
A289,2017.0
A255,2017.0
A205,2017.0
A063,2017.0
A144,2017.0
A185,2017.0
A128,2017.0
A135,2017.0
A239,2017.0
A110,2017.0
A145,2017.0
A140,2017.0
A122,2017.0
V336,2017.0
V195,2017.0
A339,2017.0
A215,2017.0
A253,2017.0
A137,2017.0
A130,2017.0
A294,2017.0
A157,2017.0
A231,2017.0
A250,2017.0
A316,2017.0
A079,2017.0
A094,2017.0
V393,2017.0
V242,2017.0
A190,2017.0
A259,2017.0
A208,2017.0
A078,2017.0
A335,2017.0
A169,2017.0
A287,2017.0
A132,2017.0
A168,2017.0
A333,2017.0
A293,2017.0
A351,2017.0
A149,2017.0
A098,2017.0
A321,2017.0
A257,2017.0
A232,2017.0
A337,2017.0
A244,2017.0
A006,2017.0
A163,2017.0
A248,2017.0
A249,2017.0
A286,2017.0
A139,2017.0
A061,2017.0
A252,2017.0
A183,2017.0
V411,2017.0
A204,2017.0
A347,2017.0
V348,2017.0
A280,2017.0
A242,2017.0
A070,2017.0
A228,2017.0
A021,2017.0
V392,2017.0
A039,2017.0
A005,2017.0
A019,2017.0
A082,2017.0
V400,2017.0
A260,2017.0
A198,2017.0
A117,2017.0
A124,2017.0
A295,2017.0
A283,2017.0
A319,2017.0
A181,2017.0
A325,2017.0
A363,2017.0
B019,2017.0
A212,2017.0
A310,2017.0
A354,2017.0
A356,2017.0
A195,2017.0
A362,2017.0
A373,2017.0
A178,2017.0
A254,2017.0
V402,2017.0
A188,2017.0
A049,2017.0
A348,2017.0
A125,2017.0
A275,2017.0
A290,2017.0
A015,2017.0
V396,2017.0
A201,2017.0
A238,2017.0
A172,2017.0
A366,2017.0
A209,2017.0
A216,2017.0
A085,2017.0
A174,2017.0
A186,2017.0
V232,2017.0
A370,2017.0
A153,2017.0
A376,2017.0
A343,2017.0
A159,2017.0
A133,2017.0
A066,2017.0
A147,2017.0
A367,2017.0
A165,2017.0
A020,2017.0
A296,2017.0
A071,2017.0
A173,2017.0
A154,2017.0
A182,2017.0
A210,2017.0
A320,2017.0
A269,2017.0
A292,2017.0
A053,2017.0
A010,2017.0
A267,2017.0
A207,2017.0
B003,2017.0
A160,2017.0
A336,2017.0
V390,2017.0
A276,2017.0
A102,2017.0
A095,2017.0
A109,2017.0
A150,2017.0
A171,2017.0
V385,2017.0
A394,2017.0
A123,2017.0
A221,2017.0
A018,2017.0
A224,2017.0
A272,2017.0
A233,2017.0
A179,2017.0
A299,2017.0
A301,2017.0
A220,2017.0
A091,2017.0
A162,2017.0
A263,2017.0
A131,2017.0
V309,2017.0
A075,2017.0
A127,2017.0
A158,2017.0
A155,2017.0
A191,2017.0
A251,2017.0
A057,2017.0
V314,2017.0
A213,2017.0
A177,2017.0
A202,2017.0
A222,2017.0
A245,2017.0
A235,2017.0
A013,2017.0
A118,2017.0
A197,2017.0
V423,2017.0
A218,2017.0
A219,2017.0
A227,2017.0
V417,2017.0
A203,2017.0
A115,2017.0
A194,2017.0
A030,2017.0
V416,2017.0
A297,2017.0
A214,2017.0
A129,2017.0
A247,2017.0
A068,2017.0
A266,2017.0
A270,2017.0
V404,2017.0
A189,2017.0
V403,2017.0
V312,2017.0
A136,2017.0
A271,2017.0
A200,2017.0
A308,2017.0
A088,2017.0
A037,2017.0
V284,2017.0
A278,2017.0
A277,2017.0
A045,2017.0
A381,2017.0
B052,2017.0
B108,2017.0
B017,2017.0
V234,2017.0
A334,2017.0
B013,2017.0
B083,2017.0
A415,2017.0
A148,2017.0
A372,2017.0
A264,2017.0
A312,2017.0
A386,2017.0
B051,2017.0
B050,2017.0
B033,2017.0
A314,2017.0
B038,2017.0
A416,2017.0
A396,2017.0
A350,2017.0
A138,2017.0
A087,2017.0
B816,2017.0
B819,2017.0
A112,2017.0
B821,2017.0
B823,2017.0
B824,2017.0
B820,2017.0
B822,2017.0
V388,2017.0
B090,2017.0
B055,2017.0
B109,2017.0
B058,2017.0
A338,2017.0
A358,2017.0
B818,2017.0
A399,2017.0
B053,2017.0
B056,2017.0
A420,2017.0
A423,2017.0
A324,2017.0
A311,2017.0
A412,2017.0
B002,2017.0
B081,2017.0
B041,2017.0
B010,2017.0
A404,2017.0
A323,2017.0
B059,2017.0
A383,2017.0
B021,2017.0
A418,2017.0
A427,2017.0
A403,2017.0
A340,2017.0
B029,2017.0
A357,2017.0
A369,2017.0
B096,2017.0
A313,2017.0
V267,2017.0
A092,2017.0
B101,2017.0
A322,2017.0
A375,2017.0
A429,2017.0
A236,2017.0
A161,2017.0
A409,2017.0
B104,2017.0
A402,2017.0
B088,2017.0
B008,2017.0
A360,2017.0
B042,2017.0
A405,2017.0
B076,2017.0
B129,2017.0
B048,2017.0
A084,2017.0
A187,2017.0
A317,2017.0
A391,2017.0
B117,2017.0
A327,2017.0
A426,2017.0
A017,2017.0
B156,2017.0
A364,2017.0
A229,2017.0
B093,2017.0
B023,2017.0
A401,2017.0
B809,2017.0
B807,2017.0
B804,2017.0
B802,2017.0
B805,2017.0
B087,2017.0
B803,2017.0
B808,2017.0
A411,2017.0
A419,2017.0
A392,2017.0
B810,2017.0
B812,2017.0
B813,2017.0
B811,2017.0
B815,2017.0
B814,2017.0
B067,2017.0
V330,2017.0
B107,2017.0
A326,2017.0
A086,2017.0
B111,2017.0
B105,2017.0
B113,2017.0
A344,2017.0
A291,2017.0
B084,2017.0
B066,2017.0
A384,2017.0
B121,2017.0
A425,2017.0
A390,2017.0
B040,2017.0
B100,2017.0
B068,2017.0
B112,2017.0
B097,2017.0
B092,2017.0
A393,2017.0
A361,2017.0
A417,2017.0
A077,2017.0
A121,2017.0
A365,2017.0
A332,2017.0
V363,2017.0
A046,2017.0
V405,2017.0
A099,2017.0
A141,2017.0
V366,2017.0
A241,2017.0
A048,2017.0
A611,2017.0
A623,2017.0
A622,2017.0
A624,2017.0
A604,2017.0
A076,2017.0
A073,2017.0
A056,2017.0
A630,2017.0
A631,2017.0
A211,2017.0
A243,2017.0
A199,2017.0
A192,2017.0
A054,2017.0
A627,2017.0
A628,2017.0
A184,2017.0
A274,2017.0
T414,2017.0
V422,2017.0
A033,2017.0
A156,2017.0
B383,2018.0
B386,2018.0
B271,2018.0
B253,2018.0
B336,2018.0
B232,2018.0
B265,2018.0
B249,2018.0
B350,2018.0
B119,2018.0
B144,2018.0
B204,2018.0
B149,2018.0
B260,2018.0
B209,2018.0
B370,2018.0
A408,2018.0
B292,2018.0
A424,2018.0
B242,2018.0
B170,2018.0
B080,2018.0
B072,2018.0
B294,2018.0
B342,2018.0
B155,2018.0
B151,2018.0
B187,2018.0
B004,2018.0
A413,2018.0
B027,2018.0
B289,2018.0
B409,2018.0
B158,2018.0
B074,2018.0
B283,2018.0
B207,2018.0
B412,2018.0
B161,2018.0
B069,2018.0
B085,2018.0
B456,2018.0
B169,2018.0
B304,2018.0
B302,2018.0
B197,2018.0
B274,2018.0
B192,2018.0
B142,2018.0
B150,2018.0
A285,2018.0
B064,2018.0
B254,2018.0
B371,2018.0
B258,2018.0
B346,2018.0
B102,2018.0
B256,2018.0
B182,2018.0
B440,2018.0
A223,2018.0
B134,2018.0
B344,2018.0
B225,2018.0
B114,2018.0
A407,2018.0
B034,2018.0
B133,2018.0
B233,2018.0
B306,2018.0
B211,2018.0
B384,2018.0
B235,2018.0
B239,2018.0
B405,2018.0
B284,2018.0
B339,2018.0
B190,2018.0
B162,2018.0
B180,2018.0
A240,2018.0
B241,2018.0
B257,2018.0
B220,2018.0
B316,2018.0
B285,2018.0
B183,2018.0
B267,2018.0
B347,2018.0
B163,2018.0
B231,2018.0
B124,2018.0
B374,2018.0
B116,2018.0
B287,2018.0
B307,2018.0
B212,2018.0
B387,2018.0
B159,2018.0
B165,2018.0
B317,2018.0
B353,2018.0
B016,2018.0
A284,2018.0
B141,2018.0
A359,2018.0
A069,2018.0
B421,2018.0
B174,2018.0
B396,2018.0
B290,2018.0
B132,2018.0
B137,2018.0
B091,2018.0
B218,2018.0
B261,2018.0
B355,2018.0
B255,2018.0
B279,2018.0
B106,2018.0
B217,2018.0
B089,2018.0
B268,2018.0
B146,2018.0
B335,2018.0
B275,2018.0
B296,2018.0
B063,2018.0
B245,2018.0
B136,2018.0
B189,2018.0
B022,2018.0
B280,2018.0
B243,2018.0
B431,2018.0
A105,2018.0
B172,2018.0
B168,2018.0
B380,2018.0
B278,2018.0
B314,2018.0
B201,2018.0
B075,2018.0
B378,2018.0
A300,2018.0
B227,2018.0
B457,2018.0
B478,2018.0
B099,2018.0
B343,2018.0
B297,2018.0
B240,2018.0
B147,2018.0
B208,2018.0
B331,2018.0
C001,2018.0
A377,2018.0
B179,2018.0
B214,2018.0
B082,2018.0
B411,2018.0
B216,2018.0
B322,2018.0
B458,2018.0
B448,2018.0
B419,2018.0
B460,2018.0
B250,2018.0
B403,2018.0
B461,2018.0
B178,2018.0
B438,2018.0
B393,2018.0
B365,2018.0
B323,2018.0
B286,2018.0
B191,2018.0
B277,2018.0
B362,2018.0
B368,2018.0
B367,2018.0
B432,2018.0
B202,2018.0
B070,2018.0
B071,2018.0
B200,2018.0
B215,2018.0
B079,2018.0
A273,2018.0
B366,2018.0
B263,2018.0
B219,2018.0
B175,2018.0
B047,2018.0
B210,2018.0
B351,2018.0
B352,2018.0
B397,2018.0
B349,2018.0
B223,2018.0
B006,2018.0
B337,2018.0
B330,2018.0
B244,2018.0
B230,2018.0
B414,2018.0
B305,2018.0
B173,2018.0
B203,2018.0
B222,2018.0
B246,2018.0
B318,2018.0
B171,2018.0
B236,2018.0
B181,2018.0
B185,2018.0
B005,2018.0
B126,2018.0
B262,2018.0
B288,2018.0
B037,2018.0
B062,2018.0
A282,2018.0
A062,2018.0
B177,2018.0
B128,2018.0
B095,2018.0
B303,2018.0
A329,2018.0
B122,2018.0
B094,2018.0
B312,2018.0
B375,2018.0
B035,2018.0
B120,2018.0
B259,2018.0
B140,2018.0
B199,2018.0
B247,2018.0
B167,2018.0
B036,2018.0
B164,2018.0
B054,2018.0
B057,2018.0
B206,2018.0
B269,2018.0
B028,2018.0
B251,2018.0
B332,2018.0
B110,2018.0
B276,2018.0
B131,2018.0
B143,2018.0
B030,2018.0
B358,2018.0
B327,2018.0
B032,2018.0
A371,2018.0
B376,2018.0
B026,2018.0
B138,2018.0
B198,2018.0
B311,2018.0
A389,2018.0
A378,2018.0
B295,2018.0
A328,2018.0
B224,2018.0
B130,2018.0
B272,2018.0
A398,2018.0
B320,2018.0
B385,2018.0
B299,2018.0
B237,2018.0
B348,2018.0
B234,2018.0
C122,2018.0
C121,2018.0
B477,2018.0
B469,2018.0
B463,2018.0
B433,2018.0
B213,2018.0
C080,2018.0
B401,2018.0
C066,2018.0
C010,2018.0
C059,2018.0
C084,2018.0
C071,2018.0
C139,2018.0
C050,2018.0
C024,2018.0
B423,2018.0
C016,2018.0
B193,2018.0
B426,2018.0
B321,2018.0
B437,2018.0
C819,2018.0
C820,2018.0
B160,2018.0
C816,2018.0
C815,2018.0
C802,2018.0
B829,2018.0
C814,2018.0
C817,2018.0
C821,2018.0
C801,2018.0
C818,2018.0
B825,2018.0
C812,2018.0
C143,2018.0
C118,2018.0
C806,2018.0
C804,2018.0
C807,2018.0
C811,2018.0
C810,2018.0
C073,2018.0
C808,2018.0
C805,2018.0
C803,2018.0
C075,2018.0
C049,2018.0
C165,2018.0
C809,2018.0
B205,2018.0
C048,2018.0
B406,2018.0
C028,2018.0
B364,2018.0
C007,2018.0
B439,2018.0
C014,2018.0
C034,2018.0
B381,2018.0
C038,2018.0
B065,2018.0
B061,2018.0
C060,2018.0
B468,2018.0
B408,2018.0
C054,2018.0
C083,2018.0
B450,2018.0
B474,2018.0
B391,2018.0
C046,2018.0
B395,2018.0
B452,2018.0
B157,2018.0
B325,2018.0
B445,2018.0
B407,2018.0
B435,2018.0
B394,2018.0
C226,2018.0
B357,2018.0
B377,2018.0
C004,2018.0
B462,2018.0
B382,2018.0
B333,2018.0
C077,2018.0
C150,2018.0
C002,2018.0
C180,2018.0
B473,2018.0
C098,2018.0
C109,2018.0
B451,2018.0
C022,2018.0
B298,2018.0
C058,2018.0
B472,2018.0
C127,2018.0
C069,2018.0
B309,2018.0
B338,2018.0
C119,2018.0
B467,2018.0
C138,2018.0
B195,2018.0
C062,2018.0
B379,2018.0
C064,2018.0
B324,2018.0
C187,2018.0
C041,2018.0
B308,2018.0
C079,2018.0
C145,2018.0
C163,2018.0
C146,2018.0
B115,2018.0
C008,2018.0
B471,2018.0
B301,2018.0
B007,2018.0
B291,2018.0
B475,2018.0
C026,2018.0
C067,2018.0
B420,2018.0
B417,2018.0
C037,2018.0
C056,2018.0
B413,2018.0
B436,2018.0
B334,2018.0
C013,2018.0
B015,2018.0
B476,2018.0
B389,2018.0
C042,2018.0
B273,2018.0
B020,2018.0
B039,2018.0
A374,2018.0
A380,2018.0
B103,2018.0
B410,2018.0
C017,2018.0
C006,2018.0
A421,2018.0
B398,2018.0
A288,2018.0
B060,2018.0
B018,2018.0
B049,2018.0
B012,2018.0
A400,2018.0
B153,2018.0
A382,2018.0
A387,2018.0
B025,2018.0
B135,2018.0
B127,2018.0
B176,2018.0
B252,2018.0
B238,2018.0
B188,2018.0
B228,2018.0
B166,2018.0
B196,2018.0
B154,2018.0
A385,2018.0
A341,2018.0
A342,2018.0
B833,2018.0
B831,2018.0
B078,2018.0
B832,2018.0
B098,2018.0
B828,2018.0
B826,2018.0
B827,2018.0
A346,2018.0
B264,2018.0
B226,2018.0
B293,2018.0
B248,2018.0
B194,2018.0
C152,2019.0
C264,2019.0
C177,2019.0
C213,2019.0
C363,2019.0
B341,2019.0
C173,2019.0
C312,2019.0
C197,2019.0
B427,2019.0
C019,2019.0
C215,2019.0
C394,2019.0
C281,2019.0
C309,2019.0
B464,2019.0
C353,2019.0
B356,2019.0
C137,2019.0
C249,2019.0
B425,2019.0
C272,2019.0
C125,2019.0
C227,2019.0
C297,2019.0
C382,2019.0
C314,2019.0
C025,2019.0
B359,2019.0
C029,2019.0
C035,2019.0
C231,2019.0
C218,2019.0
C031,2019.0
C289,2019.0
C406,2019.0
C167,2019.0
C308,2019.0
C354,2019.0
C414,2019.0
C418,2019.0
C384,2019.0
B466,2019.0
C154,2019.0
C405,2019.0
C326,2019.0
C255,2019.0
C450,2019.0
C360,2019.0
C216,2019.0
C429,2019.0
C160,2019.0
C266,2019.0
C325,2019.0
C288,2019.0
C199,2019.0
C092,2019.0
C259,2019.0
C339,2019.0
C171,2019.0
C444,2019.0
B455,2019.0
C149,2019.0
C250,2019.0
C319,2019.0
B416,2019.0
C027,2019.0
C383,2019.0
B145,2019.0
C240,2019.0
C257,2019.0
C322,2019.0
C329,2019.0
C301,2019.0
C203,2019.0
C097,2019.0
C220,2019.0
C222,2019.0
C341,2019.0
C438,2019.0
C233,2019.0
C453,2019.0
C168,2019.0
C295,2019.0
C389,2019.0
C274,2019.0
C269,2019.0
C132,2019.0
C462,2019.0
C234,2019.0
C323,2019.0
C164,2019.0
C492,2019.0
C196,2019.0
C210,2019.0
C258,2019.0
C217,2019.0
C300,2019.0
C251,2019.0
C166,2019.0
C275,2019.0
C192,2019.0
C111,2019.0
C186,2019.0
C432,2019.0
A379,2019.0
C273,2019.0
B424,2019.0
C375,2019.0
C214,2019.0
C280,2019.0
C185,2019.0
C304,2019.0
B363,2019.0
C367,2019.0
C456,2019.0
C419,2019.0
C201,2019.0
B428,2019.0
C351,2019.0
C244,2019.0
C423,2019.0
C253,2019.0
C252,2019.0
C350,2019.0
C245,2019.0
C518,2019.0
C191,2019.0
C366,2019.0
C085,2019.0
C055,2019.0
C282,2019.0
C212,2019.0
C088,2019.0
C136,2019.0
C278,2019.0
C468,2019.0
C005,2019.0
C175,2019.0
C156,2019.0
C355,2019.0
C347,2019.0
B373,2019.0
C135,2019.0
C476,2019.0
C140,2019.0
B319,2019.0
C285,2019.0
C134,2019.0
C036,2019.0
C090,2019.0
C236,2019.0
C159,2019.0
C287,2019.0
B430,2019.0
C172,2019.0
C277,2019.0
C510,2019.0
C206,2019.0
C120,2019.0
C204,2019.0
C495,2019.0
C247,2019.0
C336,2019.0
B345,2019.0
D042,2019.0
C078,2019.0
C174,2019.0
C447,2019.0
C508,2019.0
C399,2019.0
C392,2019.0
C205,2019.0
B402,2019.0
C286,2019.0
C096,2019.0
C279,2019.0
C188,2019.0
C466,2019.0
C103,2019.0
C408,2019.0
D013,2019.0
C486,2019.0
C047,2019.0
C338,2019.0
C193,2019.0
C478,2019.0
C293,2019.0
C302,2019.0
C181,2019.0
B001,2019.0
C435,2019.0
C248,2019.0
C162,2019.0
C454,2019.0
C106,2019.0
C455,2019.0
C012,2019.0
C467,2019.0
C378,2019.0
C102,2019.0
C229,2019.0
C232,2019.0
C345,2019.0
C284,2019.0
C170,2019.0
C142,2019.0
C398,2019.0
C443,2019.0
C130,2019.0
C131,2019.0
C256,2019.0
C352,2019.0
C267,2019.0
C475,2019.0
C327,2019.0
C182,2019.0
C161,2019.0
C335,2019.0
C243,2019.0
C133,2019.0
C485,2019.0
C144,2019.0
B073,2019.0
C155,2019.0
C331,2019.0
C315,2019.0
C362,2019.0
C003,2019.0
C426,2019.0
C020,2019.0
C283,2019.0
C480,2019.0
C496,2019.0
C303,2019.0
C183,2019.0
C198,2019.0
C095,2019.0
C292,2019.0
C116,2019.0
B328,2019.0
C391,2019.0
C184,2019.0
C228,2019.0
C011,2019.0
C237,2019.0
C370,2019.0
C242,2019.0
C254,2019.0
C310,2019.0
C040,2019.0
C129,2019.0
C018,2019.0
C189,2019.0
C021,2019.0
B360,2019.0
B313,2019.0
C239,2019.0
C211,2019.0
C324,2019.0
C082,2019.0
C377,2019.0
B310,2019.0
C358,2019.0
C200,2019.0
C128,2019.0
C276,2019.0
C333,2019.0
C094,2019.0
C057,2019.0
C091,2019.0
C190,2019.0
C074,2019.0
C390,2019.0
C207,2019.0
B443,2019.0
C316,2019.0
C271,2019.0
B270,2019.0
C123,2019.0
C110,2019.0
C030,2019.0
C224,2019.0
B372,2019.0
C318,2019.0
C221,2019.0
C371,2019.0
C195,2019.0
C449,2019.0
B390,2019.0
C291,2019.0
C343,2019.0
C365,2019.0
C169,2019.0
C153,2019.0
C262,2019.0
C441,2019.0
C270,2019.0
C361,2019.0
C305,2019.0
C104,2019.0
B444,2019.0
C148,2019.0
C311,2019.0
C268,2019.0
C334,2019.0
C523,2019.0
D031,2019.0
B404,2019.0
C474,2019.0
D040,2019.0
C359,2019.0
C442,2019.0
C493,2019.0
D815,2019.0
D819,2019.0
D814,2019.0
D820,2019.0
D818,2019.0
D802,2019.0
D068,2019.0
D108,2019.0
D024,2019.0
D043,2019.0
D816,2019.0
C473,2019.0
C477,2019.0
D144,2019.0
D813,2019.0
D817,2019.0
C511,2019.0
C357,2019.0
D071,2019.0
D077,2019.0
D069,2019.0
C431,2019.0
D050,2019.0
D004,2019.0
D153,2019.0
D065,2019.0
D015,2019.0
C457,2019.0
C472,2019.0
D110,2019.0
C498,2019.0
D113,2019.0
D804,2019.0
D805,2019.0
C826,2019.0
D811,2019.0
D812,2019.0
D808,2019.0
D803,2019.0
C522,2019.0
D807,2019.0
C124,2019.0
D066,2019.0
D085,2019.0
C507,2019.0
D010,2019.0
D107,2019.0
C458,2019.0
C246,2019.0
C065,2019.0
C494,2019.0
C430,2019.0
C530,2019.0
C506,2019.0
C296,2019.0
C061,2019.0
C101,2019.0
D059,2019.0
C463,2019.0
D150,2019.0
C373,2019.0
D134,2019.0
D142,2019.0
C225,2019.0
D002,2019.0
C202,2019.0
D032,2019.0
D048,2019.0
D088,2019.0
D073,2019.0
C413,2019.0
C386,2019.0
C437,2019.0
D091,2019.0
C526,2019.0
C501,2019.0
D147,2019.0
D033,2019.0
C516,2019.0
C410,2019.0
C534,2019.0
C356,2019.0
D058,2019.0
C433,2019.0
C023,2019.0
D102,2019.0
C348,2019.0
C412,2019.0
D139,2019.0
C479,2019.0
D054,2019.0
C113,2019.0
B418,2019.0
C469,2019.0
D141,2019.0
C209,2019.0
D035,2019.0
D175,2019.0
D109,2019.0
C470,2019.0
C489,2019.0
C294,2019.0
D001,2019.0
D197,2019.0
D056,2019.0
C342,2019.0
C538,2019.0
D127,2019.0
C420,2019.0
C307,2019.0
C543,2019.0
C471,2019.0
D007,2019.0
C499,2019.0
D070,2019.0
D129,2019.0
C039,2019.0
C434,2019.0
D131,2019.0
D041,2019.0
C505,2019.0
D003,2019.0
C502,2019.0
D140,2019.0
C488,2019.0
C346,2019.0
D149,2019.0
C421,2019.0
D133,2019.0
D126,2019.0
C483,2019.0
D093,2019.0
C484,2019.0
D055,2019.0
C403,2019.0
C525,2019.0
D008,2019.0
D049,2019.0
D100,2019.0
C527,2019.0
D138,2019.0
C381,2019.0
D125,2019.0
C387,2019.0
D148,2019.0
D012,2019.0
C541,2019.0
D086,2019.0
D143,2019.0
D022,2019.0
D801,2019.0
B442,2019.0
C448,2019.0
C328,2019.0
C332,2019.0
C465,2019.0
C531,2019.0
C425,2019.0
C364,2019.0
C235,2019.0
C452,2019.0
C529,2019.0
D083,2019.0
C500,2019.0
C263,2019.0
C265,2019.0
B009,2019.0
C114,2019.0
B459,2019.0
B125,2019.0
C086,2019.0
C105,2019.0
C261,2019.0
C194,2019.0
C115,2019.0
B482,2019.0
C100,2019.0
A303,2019.0
C009,2019.0
C070,2019.0
C032,2019.0
B434,2019.0
C178,2019.0
C033,2019.0
C349,2019.0
C829,2019.0
C831,2019.0
C830,2019.0
C141,2019.0
C306,2019.0
C822,2019.0
C825,2019.0
C824,2019.0
C823,2019.0
C828,2019.0
C320,2019.0
C380,2019.0
C076,2019.0
C832,2019.0
C072,2019.0
C087,2019.0
B465,2019.0
C157,2019.0
C147,2019.0
C313,2019.0
B186,2019.0
C176,2019.0
C108,2019.0
C053,2019.0
C539,2020.0
D154,2020.0
D255,2020.0
D112,2020.0
D408,2020.0
D424,2020.0
D272,2020.0
D365,2020.0
D306,2020.0
D370,2020.0
D295,2020.0
C440,2020.0
C517,2020.0
D219,2020.0
C446,2020.0
D394,2020.0
D225,2020.0
D279,2020.0
D242,2020.0
D224,2020.0
D053,2020.0
D320,2020.0
D339,2020.0
C512,2020.0
D203,2020.0
D067,2020.0
D074,2020.0
D332,2020.0
D229,2020.0
D028,2020.0
D287,2020.0
D181,2020.0
D164,2020.0
D392,2020.0
D205,2020.0
C536,2020.0
D122,2020.0
D097,2020.0
D027,2020.0
D044,2020.0
D285,2020.0
D180,2020.0
D174,2020.0
D381,2020.0
D423,2020.0
D191,2020.0
D235,2020.0
D289,2020.0
D384,2020.0
D271,2020.0
D216,2020.0
D352,2020.0
D047,2020.0
D167,2020.0
D426,2020.0
D084,2020.0
D391,2020.0
D342,2020.0
D060,2020.0
D247,2020.0
D202,2020.0
D366,2020.0
C376,2020.0
D383,2020.0
D082,2020.0
D039,2020.0
D230,2020.0
D037,2020.0
D297,2020.0
D189,2020.0
D211,2020.0
D187,2020.0
D198,2020.0
D240,2020.0
D210,2020.0
D334,2020.0
D290,2020.0
D209,2020.0
C482,2020.0
D228,2020.0
D387,2020.0
C521,2020.0
D168,2020.0
D367,2020.0
D231,2020.0
D038,2020.0
C428,2020.0
D116,2020.0
D368,2020.0
D265,2020.0
D270,2020.0
D324,2020.0
D400,2020.0
C396,2020.0
D192,2020.0
D337,2020.0
C436,2020.0
D248,2020.0
D407,2020.0
D346,2020.0
D267,2020.0
D173,2020.0
C388,2020.0
D264,2020.0
D353,2020.0
D389,2020.0
D023,2020.0
D386,2020.0
D414,2020.0
D371,2020.0
C520,2020.0
D372,2020.0
D360,2020.0
D398,2020.0
D411,2020.0
C513,2020.0
D364,2020.0
D161,2020.0
C524,2020.0
D439,2020.0
D283,2020.0
D179,2020.0
D206,2020.0
D252,2020.0
D128,2020.0
D195,2020.0
D356,2020.0
D177,2020.0
E035,2020.0
D304,2020.0
D029,2020.0
D452,2020.0
D016,2020.0
D111,2020.0
C427,2020.0
D286,2020.0
D249,2020.0
D105,2020.0
D245,2020.0
D121,2020.0
D190,2020.0
D437,2020.0
D119,2020.0
D361,2020.0
D222,2020.0
C407,2020.0
C540,2020.0
D328,2020.0
E024,2020.0
D390,2020.0
D345,2020.0
D188,2020.0
D025,2020.0
C461,2020.0
D103,2020.0
D276,2020.0
D331,2020.0
D321,2020.0
D132,2020.0
D335,2020.0
D397,2020.0
C533,2020.0
D220,2020.0
C532,2020.0
D406,2020.0
D338,2020.0
D156,2020.0
D155,2020.0
D196,2020.0
D123,2020.0
D350,2020.0
D358,2020.0
D217,2020.0
C369,2020.0
D046,2020.0
D298,2020.0
D233,2020.0
D325,2020.0
D099,2020.0
D363,2020.0
D278,2020.0
C490,2020.0
D310,2020.0
D440,2020.0
D469,2020.0
D232,2020.0
D466,2020.0
D026,2020.0
D351,2020.0
D151,2020.0
D204,2020.0
D011,2020.0
D273,2020.0
D436,2020.0
D257,2020.0
D162,2020.0
D268,2020.0
D269,2020.0
D201,2020.0
D322,2020.0
D341,2020.0
D169,2020.0
D186,2020.0
D379,2020.0
D319,2020.0
D063,2020.0
C416,2020.0
C451,2020.0
D051,2020.0
D137,2020.0
C317,2020.0
C126,2020.0
C515,2020.0
D135,2020.0
D104,2020.0
D262,2020.0
D254,2020.0
D294,2020.0
C542,2020.0
D079,2020.0
D281,2020.0
D218,2020.0
D081,2020.0
D261,2020.0
D280,2020.0
C535,2020.0
D236,2020.0
D243,2020.0
D266,2020.0
D369,2020.0
D146,2020.0
D299,2020.0
D159,2020.0
C464,2020.0
D170,2020.0
D343,2020.0
D157,2020.0
C519,2020.0
D200,2020.0
C417,2020.0
D402,2020.0
D344,2020.0
D362,2020.0
D376,2020.0
D115,2020.0
D275,2020.0
D296,2020.0
D221,2020.0
D329,2020.0
C504,2020.0
C509,2020.0
D401,2020.0
D160,2020.0
D017,2020.0
D251,2020.0
C330,2020.0
D355,2020.0
D101,2020.0
D114,2020.0
C514,2020.0
D318,2020.0
E135,2020.0
D312,2020.0
E118,2020.0
D475,2020.0
D459,2020.0
D499,2020.0
D419,2020.0
D478,2020.0
E054,2020.0
D327,2020.0
E056,2020.0
D428,2020.0
D052,2020.0
E143,2020.0
D477,2020.0
D420,2020.0
E120,2020.0
D493,2020.0
E066,2020.0
D291,2020.0
D399,2020.0
E051,2020.0
D503,2020.0
E004,2020.0
D487,2020.0
E027,2020.0
E096,2020.0
D409,2020.0
D481,2020.0
E123,2020.0
D393,2020.0
D500,2020.0
D490,2020.0
E140,2020.0
D473,2020.0
D311,2020.0
D288,2020.0
D465,2020.0
E043,2020.0
D479,2020.0
E141,2020.0
D347,2020.0
D422,2020.0
D457,2020.0
D385,2020.0
D405,2020.0
D432,2020.0
D455,2020.0
D430,2020.0
E090,2020.0
D124,2020.0
E011,2020.0
D446,2020.0
D395,2020.0
E127,2020.0
E144,2020.0
E013,2020.0
D120,2020.0
E025,2020.0
D501,2020.0
D443,2020.0
D302,2020.0
E089,2020.0
E030,2020.0
E069,2020.0
E064,2020.0
E010,2020.0
E057,2020.0
E105,2020.0
E007,2020.0
E075,2020.0
D491,2020.0
E039,2020.0
D447,2020.0
D313,2020.0
D244,2020.0
E076,2020.0
D460,2020.0
D429,2020.0
D445,2020.0
D476,2020.0
D072,2020.0
D483,2020.0
D348,2020.0
D416,2020.0
E133,2020.0
E023,2020.0
D474,2020.0
E173,2020.0
E138,2020.0
D458,2020.0
D176,2020.0
E048,2020.0
D237,2020.0
D375,2020.0
E065,2020.0
E280,2020.0
E801,2020.0
E811,2020.0
E810,2020.0
D461,2020.0
E191,2020.0
E804,2020.0
E803,2020.0
E808,2020.0
E807,2020.0
E806,2020.0
E003,2020.0
E155,2020.0
D456,2020.0
D314,2020.0
D305,2020.0
E142,2020.0
D404,2020.0
D463,2020.0
E128,2020.0
E189,2020.0
E077,2020.0
D434,2020.0
D163,2020.0
E047,2020.0
D316,2020.0
E178,2020.0
E084,2020.0
D496,2020.0
D498,2020.0
D505,2020.0
D014,2020.0
E020,2020.0
E112,2020.0
E029,2020.0
E160,2020.0
E121,2020.0
D172,2020.0
D472,2020.0
D453,2020.0
E067,2020.0
D166,2020.0
D449,2020.0
D207,2020.0
D471,2020.0
D410,2020.0
D382,2020.0
D418,2020.0
E017,2020.0
D018,2020.0
D451,2020.0
E101,2020.0
D300,2020.0
E009,2020.0
D263,2020.0
D277,2020.0
E083,2020.0
D512,2020.0
D076,2020.0
D057,2020.0
D098,2020.0
D045,2020.0
D006,2020.0
D212,2020.0
D178,2020.0
D005,2020.0
D152,2020.0
D061,2020.0
D106,2020.0
C459,2020.0
C497,2020.0
D094,2020.0
D089,2020.0
D062,2020.0
D030,2020.0
C395,2020.0
C400,2020.0
C503,2020.0
D171,2020.0
D182,2020.0
D333,2020.0
D253,2020.0
D227,2020.0
D117,2020.0
D183,2020.0
D215,2020.0
D034,2020.0
D184,2020.0
E113,2021.0
E370,2021.0
E026,2021.0
E103,2021.0
E211,2021.0
E242,2021.0
E352,2021.0
D326,2021.0
E414,2021.0
E202,2021.0
E098,2021.0
E046,2021.0
E032,2021.0
D508,2021.0
D486,2021.0
E339,2021.0
E196,2021.0
D380,2021.0
E368,2021.0
E419,2021.0
E287,2021.0
E252,2021.0
E399,2021.0
D464,2021.0
E111,2021.0
E390,2021.0
E240,2021.0
E037,2021.0
E231,2021.0
E282,2021.0
E305,2021.0
D513,2021.0
E186,2021.0
E384,2021.0
E294,2021.0
E288,2021.0
E153,2021.0
E163,2021.0
E363,2021.0
E344,2021.0
E158,2021.0
E296,2021.0
E417,2021.0
E420,2021.0
E152,2021.0
E359,2021.0
E429,2021.0
E262,2021.0
E302,2021.0
E303,2021.0
E405,2021.0
E079,2021.0
D349,2021.0
E393,2021.0
E106,2021.0
E267,2021.0
E122,2021.0
E205,2021.0
E239,2021.0
E080,2021.0
D421,2021.0
E134,2021.0
E257,2021.0
D307,2021.0
D303,2021.0
E104,2021.0
E190,2021.0
E279,2021.0
E409,2021.0
D450,2021.0
E322,2021.0
E347,2021.0
E174,2021.0
D433,2021.0
E227,2021.0
E132,2021.0
E362,2021.0
E088,2021.0
D502,2021.0
E408,2021.0
E382,2021.0
E236,2021.0
E383,2021.0
D480,2021.0
E230,2021.0
E187,2021.0
E387,2021.0
E044,2021.0
E063,2021.0
E171,2021.0
D194,2021.0
E391,2021.0
E307,2021.0
E354,2021.0
E086,2021.0
E214,2021.0
E380,2021.0
E253,2021.0
E373,2021.0
E078,2021.0
E326,2021.0
E369,2021.0
E166,2021.0
E197,2021.0
E371,2021.0
E338,2021.0
E208,2021.0
E421,2021.0
E074,2021.0
E277,2021.0
D454,2021.0
E210,2021.0
E298,2021.0
E247,2021.0
E209,2021.0
E194,2021.0
D507,2021.0
E342,2021.0
E320,2021.0
E261,2021.0
E440,2021.0
E204,2021.0
E353,2021.0
E233,2021.0
E260,2021.0
E348,2021.0
E085,2021.0
E248,2021.0
E376,2021.0
E073,2021.0
E136,2021.0
E272,2021.0
E199,2021.0
E431,2021.0
E395,2021.0
E463,2021.0
E315,2021.0
E318,2021.0
E192,2021.0
E351,2021.0
D239,2021.0
E313,2021.0
E263,2021.0
E251,2021.0
E255,2021.0
E389,2021.0
E012,2021.0
E394,2021.0
E217,2021.0
E180,2021.0
E355,2021.0
E412,2021.0
E396,2021.0
E129,2021.0
E218,2021.0
E316,2021.0
E110,2021.0
E297,2021.0
E423,2021.0
E114,2021.0
E407,2021.0
E374,2021.0
E449,2021.0
E092,2021.0
E426,2021.0
E266,2021.0
E082,2021.0
E283,2021.0
E222,2021.0
E299,2021.0
E198,2021.0
E422,2021.0
E042,2021.0
E161,2021.0
E308,2021.0
E130,2021.0
D354,2021.0
E278,2021.0
E177,2021.0
E081,2021.0
E324,2021.0
E367,2021.0
D378,2021.0
E360,2021.0
E245,2021.0
D497,2021.0
D095,2021.0
E022,2021.0
C337,2021.0
E071,2021.0
E018,2021.0
E258,2021.0
E330,2021.0
E309,2021.0
E224,2021.0
E109,2021.0
E378,2021.0
E151,2021.0
E310,2021.0
E323,2021.0
E033,2021.0
D492,2021.0
E274,2021.0
E031,2021.0
D444,2021.0
E107,2021.0
D417,2021.0
E264,2021.0
D415,2021.0
E091,2021.0
E319,2021.0
E343,2021.0
E377,2021.0
E149,2021.0
E350,2021.0
E271,2021.0
E179,2021.0
E292,2021.0
E072,2021.0
E372,2021.0
E053,2021.0
E256,2021.0
D403,2021.0
E314,2021.0
E188,2021.0
E285,2021.0
E125,2021.0
E311,2021.0
E097,2021.0
E289,2021.0
E259,2021.0
E235,2021.0
E295,2021.0
E265,2021.0
D488,2021.0
E150,2021.0
E006,2021.0
E212,2021.0
E102,2021.0
E036,2021.0
E148,2021.0
E203,2021.0
E215,2021.0
D336,2021.0
E019,2021.0
E146,2021.0
E286,2021.0
E358,2021.0
G022,2021.0
G039,2021.0
G013,2021.0
E388,2021.0
E444,2021.0
G082,2021.0
G075,2021.0
E442,2021.0
G154,2021.0
E457,2021.0
G069,2021.0
G148,2021.0
G023,2021.0
G017,2021.0
G019,2021.0
E474,2021.0
G036,2021.0
E397,2021.0
G003,2021.0
E364,2021.0
E406,2021.0
G102,2021.0
E317,2021.0
E483,2021.0
E446,2021.0
G813,2021.0
G816,2021.0
G190,2021.0
G802,2021.0
G815,2021.0
E328,2021.0
G070,2021.0
G045,2021.0
G053,2021.0
E357,2021.0
E402,2021.0
G062,2021.0
G051,2021.0
E340,2021.0
E482,2021.0
G064,2021.0
E433,2021.0
E443,2021.0
G041,2021.0
E404,2021.0
E386,2021.0
E438,2021.0
E493,2021.0
E464,2021.0
G047,2021.0
G028,2021.0
E465,2021.0
E116,2021.0
E361,2021.0
E131,2021.0
G094,2021.0
E462,2021.0
G097,2021.0
G049,2021.0
E349,2021.0
G144,2021.0
E381,2021.0
G088,2021.0
G025,2021.0
G009,2021.0
G007,2021.0
E015,2021.0
E475,2021.0
G001,2021.0
E284,2021.0
G026,2021.0
G044,2021.0
E452,2021.0
G152,2021.0
E458,2021.0
G100,2021.0
G014,2021.0
G805,2021.0
G803,2021.0
D821,2021.0
G807,2021.0
G812,2021.0
G811,2021.0
G806,2021.0
G804,2021.0
G801,2021.0
E219,2021.0
G810,2021.0
G139,2021.0
E485,2021.0
E156,2021.0
G038,2021.0
D442,2021.0
G076,2021.0
G098,2021.0
G093,2021.0
G037,2021.0
E466,2021.0
G135,2021.0
E195,2021.0
E439,2021.0
E484,2021.0
D468,2021.0
G050,2021.0
G004,2021.0
E400,2021.0
E489,2021.0
E451,2021.0
E491,2021.0
E206,2021.0
E454,2021.0
E441,2021.0
D438,2021.0
E481,2021.0
E269,2021.0
E290,2021.0
D494,2021.0
E137,2021.0
E207,2021.0
E185,2021.0
D509,2021.0
E005,2021.0
E232,2021.0
D506,2021.0
E014,2021.0
E229,2021.0
D340,2021.0
E213,2021.0
E093,2021.0
E237,2021.0
E041,2021.0
E162,2021.0
E016,2021.0
E094,2021.0
E226,2021.0
E312,2021.0
E168,2021.0
D495,2021.0
E327,2021.0
D315,2021.0
E068,2021.0
E115,2021.0
E304,2021.0
E165,2021.0
E812,2021.0
D484,2021.0
E243,2021.0
G252,2022.0
G249,2022.0
G030,2022.0
G248,2022.0
G208,2022.0
G200,2022.0
G160,2022.0
G083,2022.0
E418,2022.0
G282,2022.0
G130,2022.0
G356,2022.0
G185,2022.0
G323,2022.0
G073,2022.0
G363,2022.0
G366,2022.0
G217,2022.0
G262,2022.0
G181,2022.0
E487,2022.0
E193,2022.0
G358,2022.0
G043,2022.0
G132,2022.0
G167,2022.0
G172,2022.0
E476,2022.0
G042,2022.0
E468,2022.0
G239,2022.0
G119,2022.0
G350,2022.0
G221,2022.0
G021,2022.0
G288,2022.0
G162,2022.0
G117,2022.0
G089,2022.0
G340,2022.0
G197,2022.0
G046,2022.0
G116,2022.0
G380,2022.0
G329,2022.0
G390,2022.0
G191,2022.0
G079,2022.0
G189,2022.0
G284,2022.0
G322,2022.0
G012,2022.0
G158,2022.0
G235,2022.0
G080,2022.0
G145,2022.0
G155,2022.0
G253,2022.0
G399,2022.0
G156,2022.0
G005,2022.0
G338,2022.0
E460,2022.0
E365,2022.0
G337,2022.0
E228,2022.0
G228,2022.0
G302,2022.0
G225,2022.0
G345,2022.0
E335,2022.0
E038,2022.0
G035,2022.0
G386,2022.0
G303,2022.0
G395,2022.0
E445,2022.0
E450,2022.0
G327,2022.0
G290,2022.0
G113,2022.0
G214,2022.0
G136,2022.0
G316,2022.0
G140,2022.0
G441,2022.0
G238,2022.0
G393,2022.0
G360,2022.0
G319,2022.0
G418,2022.0
G151,2022.0
G048,2022.0
G067,2022.0
G426,2022.0
G157,2022.0
G211,2022.0
G164,2022.0
G063,2022.0
G114,2022.0
G175,2022.0
G259,2022.0
G278,2022.0
G273,2022.0
G216,2022.0
G084,2022.0
G357,2022.0
G090,2022.0
G334,2022.0
G348,2022.0
E453,2022.0
G205,2022.0
G283,2022.0
E375,2022.0
E501,2022.0
G280,2022.0
G091,2022.0
E473,2022.0
G058,2022.0
G054,2022.0
G314,2022.0
G142,2022.0
G351,2022.0
G141,2022.0
G215,2022.0
G231,2022.0
G099,2022.0
E495,2022.0
G176,2022.0
G193,2022.0
G196,2022.0
G011,2022.0
G105,2022.0
E425,2022.0
G002,2022.0
G081,2022.0
G341,2022.0
G353,2022.0
G305,2022.0
G267,2022.0
G403,2022.0
G199,2022.0
G168,2022.0
G242,2022.0
G321,2022.0
E176,2022.0
G263,2022.0
E480,2022.0
G222,2022.0
G210,2022.0
G240,2022.0
G153,2022.0
G367,2022.0
G133,2022.0
G256,2022.0
G432,2022.0
H063,2022.0
G436,2022.0
G224,2022.0
G420,2022.0
E345,2022.0
G425,2022.0
G174,2022.0
G331,2022.0
H067,2022.0
H114,2022.0
H091,2022.0
H816,2022.0
H815,2022.0
H060,2022.0
G415,2022.0
G346,2022.0
H055,2022.0
H094,2022.0
H817,2022.0
H813,2022.0
G336,2022.0
H062,2022.0
H806,2022.0
G814,2022.0
H814,2022.0
H803,2022.0
H802,2022.0
H801,2022.0
H804,2022.0
H093,2022.0
H084,2022.0
G457,2022.0
G474,2022.0
G111,2022.0
G470,2022.0
H035,2022.0
G257,2022.0
G361,2022.0
G387,2022.0
G437,2022.0
G438,2022.0
G344,2022.0
H073,2022.0
G310,2022.0
G409,2022.0
H047,2022.0
G407,2022.0
H051,2022.0
G434,2022.0
G206,2022.0
G161,2022.0
H075,2022.0
G299,2022.0
H010,2022.0
H807,2022.0
G416,2022.0
G015,2022.0
G419,2022.0
H022,2022.0
H103,2022.0
G440,2022.0
G443,2022.0
H006,2022.0
G342,2022.0
H056,2022.0
G450,2022.0
G373,2022.0
G453,2022.0
H125,2022.0
H124,2022.0
G410,2022.0
G251,2022.0
G255,2022.0
G412,2022.0
G429,2022.0
G237,2022.0
G449,2022.0
H086,2022.0
H805,2022.0
H811,2022.0
H812,2022.0
H809,2022.0
H810,2022.0
H088,2022.0
G286,2022.0
G375,2022.0
G343,2022.0
H077,2022.0
G456,2022.0
G414,2022.0
G382,2022.0
G422,2022.0
G475,2022.0
G396,2022.0
H074,2022.0
G428,2022.0
G066,2022.0
G439,2022.0
G187,2022.0
G424,2022.0
G186,2022.0
H054,2022.0
G421,2022.0
G362,2022.0
H031,2022.0
G332,2022.0
H005,2022.0
G379,2022.0
G131,2022.0
G107,2022.0
G106,2022.0
E456,2022.0
G055,2022.0
E331,2022.0
E469,2022.0
G059,2022.0
G296,2022.0
G271,2022.0
G423,2023.0
G469,2023.0
H359,2023.0
H263,2023.0
H033,2023.0
H104,2023.0
G413,2023.0
H149,2023.0
G472,2023.0
H271,2023.0
H254,2023.0
H078,2023.0
H080,2023.0
H248,2023.0
H209,2023.0
H158,2023.0
H189,2023.0
H264,2023.0
H256,2023.0
G478,2023.0
H199,2023.0
H171,2023.0
H227,2023.0
H341,2023.0
H132,2023.0
H340,2023.0
H225,2023.0
H201,2023.0
G376,2023.0
H275,2023.0
H038,2023.0
H346,2023.0
G384,2023.0
H185,2023.0
H101,2023.0
H310,2023.0
H423,2023.0
H306,2023.0
H260,2023.0
G391,2023.0
H300,2023.0
H032,2023.0
H152,2023.0
G388,2023.0
H279,2023.0
H160,2023.0
H398,2023.0
H315,2023.0
H304,2023.0
H363,2023.0
H119,2023.0
H322,2023.0
H181,2023.0
H224,2023.0
H393,2023.0
H414,2023.0
H172,2023.0
H146,2023.0
G411,2023.0
H023,2023.0
H249,2023.0
G459,2023.0
G473,2023.0
H329,2023.0
H107,2023.0
H064,2023.0
H268,2023.0
G445,2023.0
H323,2023.0
H287,2023.0
G359,2023.0
H184,2023.0
H024,2023.0
G433,2023.0
H251,2023.0
H179,2023.0
H255,2023.0
H174,2023.0
H270,2023.0
H129,2023.0
G464,2023.0
G442,2023.0
G385,2023.0
J067,2023.0
H397,2023.0
H390,2023.0
J083,2023.0
J814,2023.0
J815,2023.0
H820,2023.0
J813,2023.0
J811,2023.0
J808,2023.0
J807,2023.0
J810,2023.0
J812,2023.0
J809,2023.0
H457,2023.0
G397,2023.0
H342,2023.0
H428,2023.0
H482,2023.0
H372,2023.0
H361,2023.0
J806,2023.0
J805,2023.0
J803,2023.0
J804,2023.0
J816,2023.0
J817,2023.0
J821,2023.0
H821,2023.0
J820,2023.0
J818,2023.0
H336,2023.0
J054,2023.0
H449,2023.0
H348,2023.0
H469,2023.0
H365,2023.0
J033,2023.0
J022,2023.0
H378,2023.0
H360,2023.0
H477,2023.0
J120,2023.0
J030,2023.0
H350,2023.0
J004,2023.0
H484,2023.0
H335,2023.0
H437,2023.0
H422,2023.0
H309,2023.0
J009,2023.0
H400,2023.0
H250,2023.0
H413,2023.0
H462,2023.0
H424,2023.0
H375,2023.0
H443,2023.0
H362,2023.0
H353,2023.0
H370,2023.0
H444,2023.0
H466,2023.0
H371,2023.0
H176,2023.0
G218,2023.0
H096,2023.0
G184,2023.0
H013,2023.0
H157,2023.0
H020,2023.0
H098,2023.0
H818,2023.0
H819,2023.0
H823,2023.0
H822,2023.0
H826,2023.0
H824,2023.0
H825,2023.0
H218,2023.0
H217,2023.0
G406,2023.0
J241,2024.0
H416,2024.0
J110,2024.0
H489,2024.0
H479,2024.0
H404,2024.0
H391,2024.0
H406,2024.0
J163,2024.0
J287,2024.0
J229,2024.0
J156,2024.0
J435,2024.0
H417,2024.0
J166,2024.0
J430,2024.0
J374,2024.0
J024,2024.0
J025,2024.0
J121,2024.0
J372,2024.0
J097,2024.0
J506,2024.0
H352,2024.0
J356,2024.0
H421,2024.0
J013,2024.0
J206,2024.0
J041,2024.0
J251,2024.0
J201,2024.0
H100,2024.0
J103,2024.0
J361,2024.0
J548,2024.0
J507,2024.0
J119,2024.0
K907,2024.0
K903,2024.0
K908,2024.0
K905,2024.0
K904,2024.0
K906,2024.0
K921,2024.0
K926,2024.0
K923,2024.0
K928,2024.0
K925,2024.0
K924,2024.0
K927,2024.0
J474,2024.0
J525,2024.0
J424,2024.0
K902,2024.0
K910,2024.0
K911,2024.0
K917,2024.0
K913,2024.0
K916,2024.0
K909,2024.0
K918,2024.0
K912,2024.0
K919,2024.0
K914,2024.0
K901,2024.0
J440,2024.0
J117,2024.0
J495,2024.0
J313,2024.0
J189,2024.0
J438,2024.0
K018,2024.0
J380,2024.0
J419,2024.0
J469,2024.0
H473,2024.0
J010,2024.0
J068,2024.0
H448,2024.0
J122,2024.0
H478,2024.0
H488,2024.0
J130,2024.0
J094,2024.0
G468,2024.0
H467,2024.0
J827,2024.0
J825,2024.0
J824,2024.0
J826,2024.0
J246,2024.0
J823,2024.0
J822,2024.0
J828,2024.0
J046,2024.0
J829,2024.0
J270,2024.0
J415,2025.0
K083,2025.0
J549,2025.0
K931,2025.0
K934,2025.0
K932,2025.0
K930,2025.0
K929,2025.0
K920,2025.0
K935,2025.0
K936,2025.0
J497,2025.0
J483,2025.0
J410,2025.0
